context_len,dynamic_decode_tok_s,static_decode_tok_s,static_decode_slowdown_pct,dynamic_tpot_ms,static_tpot_ms,static_tpot_penalty_pct,dynamic_peak_gib,static_peak_gib,static_peak_extra_mib
8192,32.057754009507846,28.02706513456936,12.573210443074224,31.193746183814095,35.67984757468193,14.381412749955613,2.200514793395996,2.2074708938598637,7.123046875000455
10240,31.842710248539287,27.405331878740675,13.935303669706212,31.404746142733426,36.48926497137707,16.190287944168347,2.4710988998413086,2.478055000305176,7.123046875
12288,28.33850992497556,23.238662743562543,17.996172681324975,35.28770878726232,43.03174196199204,21.945412272063013,2.742659568786621,2.7496156692504883,7.123046875
14336,25.133158325688306,20.311581372859703,19.18412676333052,39.788087241403346,49.233005799737484,23.73805632080195,3.0127553939819336,3.019711494445801,7.123046875
16384,22.546117449152867,18.077025438875193,19.822002703377173,44.353889295136526,55.31885896158951,24.7215516851085,3.282851219177246,3.2898073196411133,7.123046875
20480,18.73671708823854,14.946317226765412,20.229797160423836,53.3711569524178,66.90612277145394,25.360075726113674,3.824019432067871,3.8309755325317374,7.1230468749990905
24576,16.053177432954122,12.71037350503671,20.823316392524703,62.29298576501952,78.67593683786542,26.299832752671982,4.365187644958496,4.372143745422363,7.123046875
32768,12.456771584409264,9.796478620913168,21.356199280604006,80.2776638191149,102.07754475903505,27.155599581274025,5.447524070739746,5.454480171203613,7.123046875
40895,10.186870180204203,8.019699563810997,21.274155634226044,98.16558150156948,124.69297954276765,27.023115062761626,6.529114246368408,6.530863285064697,1.791015625
