context_len,cache,repeats,prefill_sec_mean,prefill_sec_std,ttft_ms_mean,ttft_ms_std,decode_tok_s_mean,decode_tok_s_std,tpot_ms_mean,tpot_ms_std,e2e_tok_s_mean,e2e_tok_s_std,peak_allocated_gib_mean,peak_allocated_gib_std,theoretical_kv_gib,physical_kv_gpu_gib,physical_kv_cpu_gib,output_hash_nunique
8192,dynamic,5,0.4132745187962428,0.0002756828680636079,413.37630540365353,0.27377239712734525,32.057754009507846,0.04300583466366489,31.193746183814095,0.04190699209244138,26.906813323702266,0.03151573361809313,2.200514793395996,0.0,0.875,0.875,0.0,1
8192,static,5,0.41748740299372,0.0005346472188525275,417.55361278774217,0.5347866520088089,28.02706513456936,0.037246434003100404,35.67984757468193,0.047386009272880246,24.011580716463268,0.030639608536523075,2.2074708938598637,0.0,0.875,0.8819427490234375,0.0,1
10240,dynamic,5,0.579229058418423,0.003019050095356077,579.3339352007024,3.0193773257946472,31.842710248539287,0.12434040842543778,31.404746142733426,0.12296808781411585,25.02147942529963,0.09658863292855692,2.4710988998413086,0.0,1.09375,1.09375,0.0,1
10240,static,5,0.5804828756139614,0.002513405670760242,580.549212009646,2.5138676690870274,27.405331878740675,0.01976760124226333,36.48926497137707,0.02634057105688679,22.227071539376983,0.016305910224011243,2.478055000305176,0.0,1.09375,1.1006927490234375,0.0,1
12288,dynamic,5,0.7847680627950467,0.0008138670385618999,784.8825889872387,0.798137427821674,28.33850992497556,0.03301981584957513,35.28770878726232,0.041100236697850956,21.276552792664322,0.02020636727071302,2.742659568786621,0.0,1.3125,1.3125,0.0,1
12288,static,5,0.7900463889935054,0.0003674884978785833,790.1142845861614,0.3678202869118007,23.238662743562543,0.009676196170737797,43.03174196199204,0.017920619597132134,18.279897028545697,0.00505787518747916,2.7496156692504883,0.0,1.3125,1.3194427490234375,0.0,1
14336,dynamic,5,1.0173418838065118,0.0011498999099676798,1017.4738778034225,1.1452983413665145,25.133158325688306,0.01528785090965826,39.788087241403346,0.02421158707826102,18.16054902888733,0.00993484098062441,3.0127553939819336,0.0,1.53125,1.53125,0.0,1
14336,static,5,1.0220772065920756,0.0009962650840841698,1022.1447615884244,0.9961036248301908,20.311581372859703,0.010246051516629495,49.233005799737484,0.02483052309023289,15.519577978513109,0.006896073436004542,3.019711494445801,0.0,1.53125,1.5381927490234375,0.0,1
16384,dynamic,5,1.2760164454230107,0.0013773995832638837,1276.1359590222128,1.3820024122136358,22.546117449152867,0.07118011527251457,44.353889295136526,0.14044286034055758,15.723196549561525,0.029978029039607855,3.282851219177246,0.0,1.75,1.75,0.0,1
16384,static,5,1.283302555209957,0.0017143624646890666,1283.3747848053463,1.7175098526024934,18.077025438875193,0.013106198731504893,55.31885896158951,0.04012397607964367,13.421517865318654,0.005929571882029916,3.2898073196411133,0.0,1.75,1.7569427490234375,0.0,1
20480,dynamic,5,1.9037872779997997,0.0018443050932619503,1903.9323688019067,1.8713856179547332,18.73671708823854,0.01085306768881492,53.3711569524178,0.030923221785265045,12.152712656336671,0.006808846860210368,3.824019432067871,0.0,2.1875,2.1875,0.0,1
20480,static,5,1.9154730985872448,0.004768038568107416,1915.5524263740517,4.7741337790643765,14.946317226765412,0.006146252636148781,66.90612277145394,0.02752796550637798,10.439379035378085,0.010861407690964326,3.8309755325317374,0.0,2.1875,2.194442749023437,0.0,1
24576,dynamic,5,2.662136710807681,0.0021640432843200853,2662.2764409985393,2.1744938614275324,16.053177432954122,0.01066958288232857,62.29298576501952,0.04139271116082089,9.716501963221315,0.0059412970655179104,4.365187644958496,0.0,2.625,2.625,0.0,1
24576,static,5,2.67133364941692,0.0027093027032706056,2671.4201658032835,2.708140912016593,12.71037350503671,0.010473751586837122,78.67593683786542,0.06481298321793394,8.390137413180522,0.0021344599957251104,4.372143745422363,0.0,2.625,2.631942749023437,0.0,1
32768,dynamic,5,4.578392285190057,0.008164975242697726,4578.554298786912,8.183989624873556,12.456771584409264,0.010055982301100793,80.2776638191149,0.06482767010055951,6.641734414089572,0.0075288997408373875,5.447524070739746,0.0,3.5,3.5,0.0,1
32768,static,5,4.574132083193399,0.0034186387738588124,4574.228956212755,3.4203441233104015,9.796478620913168,0.007624834145630547,102.07754475903505,0.07949472537225637,5.815480276962672,0.004064587131159032,5.454480171203613,0.0,3.5,3.5069427490234366,0.0,1
40895,dynamic,5,7.063383887195959,0.006520180295248102,7063.566579786129,6.497435430222046,10.186870180204203,0.0021284354540864817,98.16558150156948,0.020508458148688374,4.830919420093909,0.0023238912821916882,6.529114246368408,0.0,4.3680572509765625,4.3680572509765625,0.0,1
40895,static,5,7.0588605320081115,0.008969207479831258,7058.9620494050905,8.976968515018749,8.019699563810997,0.0043330901108677,124.69297954276765,0.06740266024013453,4.291094299230111,0.003783528136258738,6.530863285064697,0.0,4.3680572509765625,4.375,0.0,1
