context_len,cache,dynamic_peak_gib,quant_peak_gib,total_peak_saving_pct,dynamic_cache_prompt_gib,quant_cache_prompt_gib,kv_cache_saving_pct,kv_compression_x,prefill_penalty_pct,decode_slowdown_pct,tpot_penalty_pct,e2e_penalty_pct,hashes
2048,int4,1.3887624740600586,1.2546076774597168,9.660024597880955,0.21875,0.0615234375,71.875,3.5555555555555554,567.7602805950911,19.278596110374636,23.880184098094738,43.23026952927896,1
2048,int2,1.3887624740600586,1.2277522087097168,11.593794357045596,0.21875,0.0341796875,84.375,6.4,596.0333416154945,25.248304460846825,33.77329164463034,53.7767214971357,1
8192,int4,2.200514793395996,1.6638941764831543,24.38613993976788,0.875,0.24609375,71.875,3.5555555555555554,323.5800350652162,19.681953703768084,24.504703734115285,76.23566884240847,1
8192,int2,2.200514793395996,1.5564723014831543,29.267810143594087,0.875,0.13671875,84.375,6.4,337.9069352719243,25.4424252209277,34.12416273824377,86.66874735504983,1
12288,int4,2.741683006286621,1.9367518424987797,29.35901641226032,1.3125,0.369140625,71.875,3.5555555555555554,243.59692973838668,33.641646826067785,50.69439527153503,100.62186821613324,1
12288,int2,2.741683006286621,1.7765955924987793,35.20054694780238,1.3125,0.205078125,84.375,6.4,246.25897350955466,33.68679989105129,50.79708031080927,101.38702041074446,1
16384,int4,3.282851219177246,2.2096095085144043,32.69236523401812,1.75,0.4921875,71.875,3.5555555555555554,193.45634630508562,34.69543003022639,53.12795495835629,97.11034455909126,1
16384,int2,3.282851219177246,1.9947657585144043,39.2367906635033,1.75,0.2734375,84.375,6.4,199.1176756782683,35.57050643648999,55.20755519874019,100.31258769944662,1
24576,int4,4.365187644958496,2.7567896842956543,36.84602109878221,2.625,0.73828125,71.875,3.5555555555555554,132.0235851258409,35.43209695840693,54.87568307108754,85.96629710694361,1
24576,int2,4.365187644958496,2.4345240592956543,44.228650465751016,2.625,0.41015625,84.375,6.4,136.80872184758596,36.70017499109306,57.97828932634832,89.74692401186218,1
32768,int4,5.447524070739746,3.3010401725769043,39.402926362312705,3.5,0.984375,71.875,3.5555555555555554,99.36167242228007,35.96436481292391,56.163211540956006,76.65510256002466,1
32768,int2,5.447524070739746,2.8713526725769043,47.290684074260746,3.5,0.546875,84.375,6.4,104.21819044229035,37.0936353513321,58.96679988829809,80.4326339859945,1
40895,int4,6.529114246368408,3.8487091064453134,41.053120511928185,4.3680572509765625,1.2285161018371582,71.875,3.5555555555555554,81.05935219706556,36.218152686632536,56.78471277863895,69.73427597441469,1
40895,int2,6.529114246368408,3.311370849609375,49.28300034799958,4.3680572509765625,0.6825089454650879,84.375,6.4,82.5737904380057,37.231706446763255,59.31608624349272,71.72308805600483,1
