context_len,cache,cache_prompt_gpu_gib_mean,theoretical_fp16_prompt_gib,physical_over_fp16_theory
2048,dynamic,0.21875,0.21875,1.0
2048,int2,0.0341796875,0.21875,0.15625
2048,int4,0.0615234375,0.21875,0.28125
8192,dynamic,0.875,0.875,1.0
8192,int2,0.13671875,0.875,0.15625
8192,int4,0.24609375,0.875,0.28125
12288,dynamic,1.3125,1.3125,1.0
12288,int2,0.205078125,1.3125,0.15625
12288,int4,0.369140625,1.3125,0.28125
16384,dynamic,1.75,1.75,1.0
16384,int2,0.2734375,1.75,0.15625
16384,int4,0.4921875,1.75,0.28125
24576,dynamic,2.625,2.625,1.0
24576,int2,0.41015625,2.625,0.15625
24576,int4,0.73828125,2.625,0.28125
32768,dynamic,3.5,3.5,1.0
32768,int2,0.546875,3.5,0.15625
32768,int4,0.984375,3.5,0.28125
40895,dynamic,4.3680572509765625,4.3680572509765625,1.0
40895,int2,0.6825089454650879,4.3680572509765625,0.15625
40895,int4,1.2285161018371582,4.3680572509765625,0.28125
