context_len,cache,n,prefill_sec_mean,prefill_sec_std,decode_tok_s_mean,decode_tok_s_std,tpot_ms_mean,e2e_sec_mean,peak_gpu_gib_mean,cache_prompt_gpu_gib_mean,cache_final_gpu_gib_mean,theoretical_fp16_prompt_gib,hashes
8192,dynamic,3,0.6417326073084647,0.0027788259246311585,31.411694884034358,0.03145066541853071,31.83529804283309,2.647626811716085,4.498719215393066,0.875,0.8817291259765625,0.875,1
8192,int2,3,1.9620633223870148,0.002523139232182077,23.35259091238699,0.019413822659606773,42.82182069290824,4.659920076296355,3.760437965393065,0.13671875,0.1434478759765625,0.875,1
8192,int4,3,2.004641662002541,0.018085840008136893,23.867653472859597,0.02456375590805306,41.89773861419843,4.64430378136846,3.869812965393065,0.24609375,0.2528228759765625,0.875,1
16384,dynamic,3,1.7514742843341082,0.00228359602511025,20.98782557004783,0.02642212833577406,47.64672042801976,4.753485787970324,5.784180641174316,1.75,1.7567291259765625,1.75,1
16384,int2,3,4.15668816297936,0.015797741916585603,13.846781220218253,0.017278079896177946,72.21902497346814,8.706588594941422,4.307618141174316,0.2734375,0.2801666259765625,1.75,1
16384,int4,3,4.230822926309581,0.01935417053815103,14.027785821661537,0.02930631980258473,71.2872954706351,8.722028562333435,4.526368141174316,0.4921875,0.4989166259765625,1.75,1
32768,dynamic,3,5.624934470281005,0.0031264496259940855,11.926636511994431,0.0028241689476554326,83.84593899383964,10.90738991558707,8.355103492736816,3.5,3.5067291259765625,3.5,1
32768,int2,3,10.50689219404012,0.11590859675635526,7.600470724091359,0.005950717007880971,131.57085199389488,18.795956144303393,5.401978492736816,0.546875,0.5536041259765625,3.5,1
32768,int4,3,10.661558270997679,0.1122548288325347,7.732848432296396,0.0032371523064204715,129.31846855109725,18.808729732758366,5.839478492736816,0.984375,0.9911041259765624,3.5,1
40895,dynamic,3,8.931397864051783,0.2861249892671773,9.810858392560911,0.009715485406691272,101.92794694685962,15.353016739323115,9.64031457901001,4.3680572509765625,4.374786376953125,4.3680572509765625,1
40895,int2,3,14.977980042342097,0.2553438627127838,6.238194772486158,0.007004369170111216,160.3029205552524,25.077174914612744,5.950093746185303,0.6825089454650879,0.6892380714416504,4.3680572509765625,1
40895,int4,3,15.01462157901066,0.3122946356816465,6.325398130913931,0.0042889328338837655,158.0928639895603,24.974596613047954,6.497329711914063,1.2285161018371582,1.2352452278137207,4.3680572509765625,1
