cache,context_len,n,retrieval_accuracy,tf_decode_top1_pct,tf_decode_nll
dynamic,8192,30,100.0,100.0,0.019256826717090256
dynamic,16384,30,100.0,100.0,0.01871697427200155
dynamic,32768,30,100.0,100.0,0.008425577686565041
int2,8192,30,0.0,2.0833333333333335,8.408540348149836
int2,16384,30,0.0,3.75,7.1457077950239185
int2,32768,30,0.0,0.4166666666666667,7.79865328297019
int4,8192,30,13.333333333333334,71.25,0.9240891585841988
int4,16384,30,13.333333333333334,71.66666666666667,0.8841952344595484
int4,32768,30,16.666666666666664,75.0,0.7538999636213702
