cache,position,n,retrieval_accuracy,tf_decode_top1_pct,tf_decode_nll
dynamic,0.1,30,100.0,100.0,0.01825703354390947
dynamic,0.5,30,100.0,100.0,0.018260288653626295
dynamic,0.9,30,100.0,100.0,0.00988205647812108
int2,0.1,30,0.0,1.6666666666666667,8.095881290547549
int2,0.5,30,0.0,2.5,7.750984351833662
int2,0.9,30,0.0,2.0833333333333335,7.506035783762733
int4,0.1,30,16.666666666666664,72.08333333333333,0.8775722594356921
int4,0.5,30,20.0,74.58333333333333,0.8450013877232171
int4,0.9,30,6.666666666666667,71.25,0.8396107095062083
