cache,context_len,position,n,correct,retrieval_accuracy,tf_decode_top1_pct,tf_decode_nll
dynamic,8192,0.1,10,10,100.0,100.0,0.03122317882634882
dynamic,8192,0.5,10,10,100.0,100.0,0.01489241634155854
dynamic,8192,0.9,10,10,100.0,100.0,0.01165488498336341
dynamic,16384,0.1,10,10,100.0,100.0,0.01980912547978727
dynamic,16384,0.5,10,10,100.0,100.0,0.031032832324899524
dynamic,16384,0.9,10,10,100.0,100.0,0.00530896501131786
dynamic,32768,0.1,10,10,100.0,100.0,0.0037387963255923204
dynamic,32768,0.5,10,10,100.0,100.0,0.00885561729442083
dynamic,32768,0.9,10,10,100.0,100.0,0.012682319439681972
int2,8192,0.1,10,0,0.0,1.25,8.877260499633849
int2,8192,0.5,10,0,0.0,3.75,8.3220855563879
int2,8192,0.9,10,0,0.0,1.25,8.026274988427758
int2,16384,0.1,10,0,0.0,3.75,7.222043712437153
int2,16384,0.5,10,0,0.0,2.5,7.923650165647269
int2,16384,0.9,10,0,0.0,5.0,6.291429506987333
int2,32768,0.1,10,0,0.0,0.0,8.188339659571648
int2,32768,0.5,10,0,0.0,1.25,7.007217333465815
int2,32768,0.9,10,0,0.0,0.0,8.200402855873108
int4,8192,0.1,10,2,20.0,71.25,1.0042482975550229
int4,8192,0.5,10,2,20.0,80.0,0.7455340564418294
int4,8192,0.9,10,0,0.0,62.5,1.0224851217557442
int4,16384,0.1,10,2,20.0,75.0,0.8403748936951161
int4,16384,0.5,10,1,10.0,66.25,1.059382792175893
int4,16384,0.9,10,1,10.0,73.75,0.7528280175076361
int4,32768,0.1,10,1,10.0,70.0,0.7880935870569374
int4,32768,0.5,10,3,30.0,77.5,0.730087314551929
int4,32768,0.9,10,1,10.0,77.5,0.7435189892552444
