model_size,cache,n,retrieval_accuracy_pct,first_token_accuracy_pct,tf_decode_top1_pct,tf_decode_nll
0.6B,dynamic,90,100.0,100.0,100.0,0.015466459558552284
0.6B,int2,90,0.0,100.0,2.0833333333333335,7.784300475381315
0.6B,int4,90,14.444444444444443,100.0,72.63888888888889,0.8540614522217058
1.7B,dynamic,45,100.0,100.0,100.0,3.2897794814030274e-06
1.7B,int2,45,0.0,100.0,4.444444444444445,7.072759685883971
1.7B,int4,45,31.11111111111111,100.0,86.38888888888889,0.5548021728198849
4B,dynamic,45,100.0,100.0,100.0,7.356683461915942e-05
4B,int2,45,0.0,100.0,28.88888888888889,3.3264820558823986
4B,int4,45,97.77777777777777,100.0,99.72222222222223,0.01887085517643971
8B,dynamic,45,95.55555555555556,95.55555555555556,100.0,0.00019951578698574381
8B,int2,45,2.2222222222222223,95.55555555555556,58.05555555555556,1.6083523844664025
8B,int4,45,97.77777777777777,95.55555555555556,100.0,0.00021891296972402526
