model_size,context_len,cache,n,model_memory_gib,prefill_sec,decode_tok_s,tpot_ms,e2e_sec,peak_gpu_gib,kv_gpu_gib,fp16_kv_theory_gib,hash_count
0.6B,2048,dynamic,5,1.110243797302246,0.0731219835579395,31.798380782545944,31.448837571097393,2.054560438566841,1.3887624740600586,0.21875,0.21875,1
0.6B,2048,int2,5,1.110243797302246,0.5089533856138587,23.769828788949336,42.0701452028302,3.159435683605261,1.2277522087097168,0.0341796875,0.21875,1
0.6B,2048,int4,5,1.110243797302246,0.48827956258319316,25.668099381839927,38.958877879786236,2.942752453801222,1.2546076774597168,0.0615234375,0.21875,1
0.6B,8192,dynamic,5,1.110243797302246,0.4139357652049512,31.838894049226212,31.408226977117245,2.3928303075488655,2.200514793395996,0.875,0.875,1
0.6B,8192,int2,5,1.110243797302246,1.8126534234033898,23.738307239581435,42.126021463985715,4.466666361433454,1.5564723014831543,0.13671875,0.875,1
0.6B,8192,int4,5,1.110243797302246,1.753349259402603,25.572377662665737,39.1047199459983,4.217020496772602,1.6638941764831543,0.24609375,0.875,1
0.6B,12288,dynamic,5,1.110243797302246,0.7850948899518698,28.026370290798205,35.68130179293572,3.0331403073389085,2.741683006286621,1.3125,1.3125,1
0.6B,12288,int2,5,1.110243797302246,2.7184615070233122,18.585183014211964,53.8063613206355,6.108350889827125,1.7765955924987793,0.205078125,1.3125,1
0.6B,12288,int4,5,1.110243797302246,2.6975619374075905,18.597837779401885,53.769721961875874,6.085142750199884,1.9367518424987797,0.369140625,1.3125,1
0.6B,16384,dynamic,5,1.110243797302246,1.2816213157959282,22.445011275131453,44.55359784095356,4.088680157181807,3.282851219177246,1.75,1.75,1
0.6B,16384,int2,5,1.110243797302246,3.833555890806019,14.461207094839915,69.15054996202271,8.19014102560468,1.9947657585144043,0.2734375,1.75,1
0.6B,16384,int4,5,1.110243797302246,3.760999086801894,14.657618092891795,68.22401323422257,8.059211545740254,2.2096095085144043,0.4921875,1.75,1
0.6B,24576,dynamic,5,1.110243797302246,2.6693328028079124,15.934550351866642,62.756733921179105,6.623172063240782,4.365187644958496,2.625,2.625,1
0.6B,24576,int2,5,1.110243797302246,6.321212892187759,10.08654248868775,99.14201468576691,12.56726526201237,2.4345240592956543,0.41015625,2.625,1
0.6B,24576,int4,5,1.110243797302246,6.193481668015011,10.288605021307081,97.19492033353104,12.31686783703044,2.7567896842956543,0.73828125,2.625,1
0.6B,32768,dynamic,5,1.110243797302246,4.592827468551695,12.382557520172764,80.75877255834048,9.680851995735429,5.447524070739746,3.5,3.5,1
0.6B,32768,int2,5,1.110243797302246,9.379389146412723,7.789416786470928,128.3796363650629,17.46741624819115,2.8713526725769043,0.546875,3.5,1
0.6B,32768,int4,5,1.110243797302246,9.156337652774528,7.929249360447686,126.11549282816077,17.101719021750615,3.3010401725769043,0.984375,3.5,1
0.6B,40895,dynamic,5,1.110243797302246,7.106133489194326,10.140736405698158,98.61218869863521,13.318928009225056,6.529114246368408,4.3680572509765625,4.3680572509765625,1
0.6B,40895,int2,5,1.110243797302246,12.97393726480659,6.365167195588569,157.10507959371344,22.871674473397434,3.311370849609375,0.6825089454650879,4.3680572509765625,1
0.6B,40895,int4,5,1.110243797302246,12.86631926179398,6.467949010733467,154.60883681588467,22.606786024011672,3.8487091064453134,1.2285161018371582,4.3680572509765625,1
1.7B,8192,dynamic,3,3.2053232192993164,0.6417326073084647,31.411694884034358,31.83529804283309,2.647626811716085,4.498719215393066,0.875,0.875,1
1.7B,8192,int2,3,3.2053232192993164,1.9620633223870148,23.35259091238699,42.82182069290824,4.659920076296355,3.760437965393065,0.13671875,0.875,1
1.7B,8192,int4,3,3.2053232192993164,2.004641662002541,23.867653472859597,41.89773861419843,4.64430378136846,3.869812965393065,0.24609375,0.875,1
1.7B,16384,dynamic,3,3.2053232192993164,1.7514742843341082,20.98782557004783,47.64672042801976,4.753485787970324,5.784180641174316,1.75,1.75,1
1.7B,16384,int2,3,3.2053232192993164,4.15668816297936,13.846781220218253,72.21902497346814,8.706588594941422,4.307618141174316,0.2734375,1.75,1
1.7B,16384,int4,3,3.2053232192993164,4.230822926309581,14.027785821661537,71.2872954706351,8.722028562333435,4.526368141174316,0.4921875,1.75,1
1.7B,32768,dynamic,3,3.2053232192993164,5.624934470281005,11.926636511994431,83.84593899383964,10.90738991558707,8.355103492736816,3.5,3.5,1
1.7B,32768,int2,3,3.2053232192993164,10.50689219404012,7.600470724091359,131.57085199389488,18.795956144303393,5.401978492736816,0.546875,3.5,1
1.7B,32768,int4,3,3.2053232192993164,10.661558270997679,7.732848432296396,129.31846855109725,18.808729732758366,5.839478492736816,0.984375,3.5,1
1.7B,40895,dynamic,3,3.2053232192993164,8.931397864051783,9.810858392560911,101.92794694685962,15.353016739323115,9.64031457901001,4.3680572509765625,4.3680572509765625,1
1.7B,40895,int2,3,3.2053232192993164,14.977980042342097,6.238194772486158,160.3029205552524,25.077174914612744,5.950093746185303,0.6825089454650879,4.3680572509765625,1
1.7B,40895,int4,3,3.2053232192993164,15.01462157901066,6.325398130913931,158.0928639895603,24.974596613047954,6.497329711914063,1.2285161018371582,4.3680572509765625,1
4B,8192,dynamic,3,7.545305252075195,1.5139220746932551,23.51373962689934,42.528441264515834,4.193346885692638,9.284013748168944,1.125,1.125,1
4B,8192,int2,3,7.545305252075195,3.310229138315966,17.192154112634572,58.16606801032784,6.974756032965767,8.334794998168945,0.17578125,1.125,1
4B,8192,int4,3,7.545305252075195,3.145695554674603,17.012692464561585,58.77965568779184,6.848878558026627,8.475419998168945,0.31640625,1.125,1
4B,16384,dynamic,3,7.545305252075195,4.280558280685606,15.3041883767662,65.34164939100346,8.397234729297148,11.014787673950195,2.25,2.25,1
4B,16384,int2,3,7.545305252075195,7.605114381372307,10.298215699922832,97.10424952332187,13.722752030977668,9.116350173950195,0.3515625,2.25,1
4B,16384,int4,3,7.545305252075195,7.139471740694717,10.418298375115626,95.9850012277938,13.186596766735116,9.397600173950195,0.6328125,2.25,1
4B,32768,dynamic,3,7.545305252075195,14.108869654980177,9.035689799606088,110.67232933380792,21.08146558632143,14.476335525512695,4.5,4.5,1
4B,32768,int2,3,7.545305252075195,20.30018448298021,5.80569351454574,172.24477585121772,31.151689312925253,10.679460525512695,0.703125,4.5,1
4B,32768,int4,3,7.545305252075195,19.462413115038846,5.91457017118343,169.07406722259506,30.11421708203852,11.241960525512695,1.265625,4.5,1
4B,40895,dynamic,3,7.545305252075195,21.465899997313198,7.502341051980611,133.29173790022398,29.863509492754627,16.194337368011475,5.6160736083984375,5.6160736083984375,1
4B,40895,int2,3,7.545305252075195,28.97571291270045,4.79319274914531,208.62926433796665,42.11948098863164,11.457691669464111,0.8775115013122559,5.6160736083984375,1
4B,40895,int4,3,7.545305252075195,28.1420583963627,4.860984176649593,205.71966026416885,41.10248631828775,12.158446788787842,1.5795207023620603,5.6160736083984375,1
