model_size,context_len,cache,model_memory_gib,dynamic_peak_gib,quant_peak_gib,absolute_peak_saving_gib,total_peak_saving_pct,dynamic_kv_gib,quant_kv_gib,kv_saving_pct,kv_compression_x,prefill_penalty_pct,decode_slowdown_pct,e2e_penalty_pct
0.6B,2048,int4,1.110243797302246,1.3887624740600586,1.2546076774597168,0.1341547966003418,9.660024597880955,0.21875,0.0615234375,71.875,3.5555555555555554,567.7602805950911,19.278596110374636,43.23026952927896
0.6B,2048,int2,1.110243797302246,1.3887624740600586,1.2277522087097168,0.1610102653503418,11.593794357045596,0.21875,0.0341796875,84.375,6.4,596.0333416154945,25.248304460846825,53.7767214971357
0.6B,8192,int4,1.110243797302246,2.200514793395996,1.6638941764831543,0.5366206169128418,24.38613993976788,0.875,0.24609375,71.875,3.5555555555555554,323.5800350652162,19.681953703768084,76.23566884240847
0.6B,8192,int2,1.110243797302246,2.200514793395996,1.5564723014831543,0.6440424919128418,29.267810143594087,0.875,0.13671875,84.375,6.4,337.9069352719243,25.4424252209277,86.66874735504983
0.6B,12288,int4,1.110243797302246,2.741683006286621,1.9367518424987797,0.8049311637878414,29.35901641226032,1.3125,0.369140625,71.875,3.5555555555555554,243.59692973838668,33.641646826067785,100.62186821613324
0.6B,12288,int2,1.110243797302246,2.741683006286621,1.7765955924987793,0.9650874137878418,35.20054694780238,1.3125,0.205078125,84.375,6.4,246.25897350955466,33.68679989105129,101.38702041074446
0.6B,16384,int4,1.110243797302246,3.282851219177246,2.2096095085144043,1.0732417106628418,32.69236523401812,1.75,0.4921875,71.875,3.5555555555555554,193.45634630508562,34.69543003022639,97.11034455909126
0.6B,16384,int2,1.110243797302246,3.282851219177246,1.9947657585144043,1.2880854606628418,39.2367906635033,1.75,0.2734375,84.375,6.4,199.1176756782683,35.57050643648999,100.31258769944662
0.6B,24576,int4,1.110243797302246,4.365187644958496,2.7567896842956543,1.6083979606628418,36.84602109878221,2.625,0.73828125,71.875,3.5555555555555554,132.0235851258409,35.43209695840693,85.96629710694361
0.6B,24576,int2,1.110243797302246,4.365187644958496,2.4345240592956543,1.9306635856628418,44.228650465751016,2.625,0.41015625,84.375,6.4,136.80872184758596,36.70017499109306,89.74692401186218
0.6B,32768,int4,1.110243797302246,5.447524070739746,3.3010401725769043,2.146483898162842,39.402926362312705,3.5,0.984375,71.875,3.5555555555555554,99.36167242228007,35.96436481292391,76.65510256002466
0.6B,32768,int2,1.110243797302246,5.447524070739746,2.8713526725769043,2.576171398162842,47.290684074260746,3.5,0.546875,84.375,6.4,104.21819044229035,37.0936353513321,80.4326339859945
0.6B,40895,int4,1.110243797302246,6.529114246368408,3.8487091064453134,2.680405139923095,41.053120511928185,4.3680572509765625,1.2285161018371582,71.875,3.5555555555555554,81.05935219706556,36.218152686632536,69.73427597441469
0.6B,40895,int2,1.110243797302246,6.529114246368408,3.311370849609375,3.217743396759033,49.28300034799958,4.3680572509765625,0.6825089454650879,84.375,6.4,82.5737904380057,37.231706446763255,71.72308805600483
1.7B,8192,int4,3.2053232192993164,4.498719215393066,3.869812965393065,0.6289062500000013,13.979673322311402,0.875,0.24609375,71.875,3.5555555555555554,212.37958601018389,24.016664618148877,75.41383705652267
1.7B,8192,int2,3.2053232192993164,4.498719215393066,3.760437965393065,0.7382812500000013,16.410920856626422,0.875,0.13671875,84.375,6.4,205.74468244900953,25.65638053406527,76.00365941588205
1.7B,16384,int4,3.2053232192993164,5.784180641174316,4.526368141174316,1.2578125,21.74573337226613,1.75,0.4921875,71.875,3.5555555555555554,141.55781013468288,33.16227174252445,83.48700198928387
1.7B,16384,int2,3.2053232192993164,5.784180641174316,4.307618141174316,1.4765625,25.527600045703714,1.75,0.2734375,84.375,6.4,137.32510378019555,34.02469839477183,83.16218840866718
1.7B,32768,int4,3.2053232192993164,8.355103492736816,5.839478492736816,2.515625,30.10884308239701,3.5,0.984375,71.875,3.5555555555555554,89.54102180794044,35.16320863372007,72.44024352590517
1.7B,32768,int2,3.2053232192993164,8.355103492736816,5.401978492736816,2.953125,35.34516361846606,3.5,0.546875,84.375,6.4,86.79137062934043,36.27314191685406,72.32313403817412
1.7B,40895,int4,3.2053232192993164,9.64031457901001,6.497329711914063,3.1429848670959464,32.602513552194765,4.3680572509765625,1.2285161018371582,71.875,3.5555555555555554,68.11054448087464,35.5265576383187,62.668985757577154
1.7B,40895,int2,3.2053232192993164,9.64031457901001,5.950093746185303,3.690220832824707,38.27904994780435,4.3680572509765625,0.6825089454650879,84.375,6.4,67.70028914093457,36.41540298638627,63.33711700048825
4B,8192,int4,7.545305252075195,9.284013748168944,8.475419998168945,0.8085937499999982,8.709527710032472,1.125,0.31640625,71.875,3.5555555555555554,107.7845093388952,27.6478657393172,63.32725969784298
4B,8192,int2,7.545305252075195,9.284013748168944,8.334794998168945,0.9492187499999982,10.224228181342465,1.125,0.17578125,84.375,6.4,118.65254451664372,26.884645379984462,66.32909757032199
4B,16384,int4,7.545305252075195,11.014787673950195,9.397600173950195,1.6171875,14.681967077991198,2.25,0.6328125,71.875,3.5555555555555554,66.78833162741577,31.925182057142,57.03499058717916
4B,16384,int2,7.545305252075195,11.014787673950195,9.116350173950195,1.8984375,17.235352656772275,2.25,0.3515625,84.375,6.4,77.66641364719872,32.7098213482729,63.419893254862814
4B,32768,int4,7.545305252075195,14.476335525512695,11.241960525512695,3.234375,22.342498170892945,4.5,1.265625,71.875,3.5555555555555554,37.944524196302034,34.54212901995288,42.846885852082
4B,32768,int2,7.545305252075195,14.476335525512695,10.679460525512695,3.796875,26.228150026700416,4.5,0.703125,84.375,6.4,43.88242984309243,35.74709133110302,47.76813872531625
4B,40895,int4,7.545305252075195,16.194337368011475,12.158446788787842,4.035890579223633,24.921616040898897,5.6160736083984375,1.5795207023620603,71.875,3.5555555555555562,31.10122752777722,35.20710211692793,37.63448106546179
4B,40895,int2,7.545305252075195,16.194337368011475,11.457691669464111,4.736645698547363,29.2487774640512,5.6160736083984375,0.8775115013122559,84.375,6.4,34.98485000082561,36.11070576590342,41.03995713849544
