model,cache,q_group_size,residual_length,context_len,position,seed,passkey,needle_start_token,target_token_count,generated_text,generated_hash,normalized_answer,strict_exact_match,normalized_exact_match,tf_nll_all,tf_top1_all_pct,tf_nll_decode,tf_mean_logprob_decode,tf_top1_decode_pct,elapsed_sec,error
/scratch/ws/nashilovskiy-kv-cache/models/Qwen3-1.7B,int2,128,128,8192,0.1,0,88034731,813,9,"  
  under under ::  
9 . ",01957e6061a11762,9,0,0,7.4749156710070865,22.22222222222222,8.408322740346193,-8.408322740346193,12.5,7.310055903973989,
/scratch/ws/nashilovskiy-kv-cache/models/Qwen3-1.7B,int2,128,128,8192,0.1,1,57634864,813,9," 
 of
  ,
   15,



",987f4d54d59084ef,15,0,0,9.770172675295422,11.11111111111111,10.990979671478271,-10.990979671478271,0.0,5.094666318036616,
/scratch/ws/nashilovskiy-kv-cache/models/Qwen3-1.7B,int2,128,128,8192,0.1,2,85874784,813,9," ::sh 8:?:9:

  to.",d543b48e4bccb681,89,0,0,6.162563788083692,22.22222222222222,6.932390756905079,-6.932390756905079,12.5,5.0989782840479165,
/scratch/ws/nashilovskiy-kv-cache/models/Qwen3-1.7B,int2,128,128,8192,0.1,3,90180242,813,9," CH,r under9
09
 important0- 

",b60f304d70d7da78,9090,0,0,4.235964726863636,11.11111111111111,4.764332219958305,-4.764332219958305,0.0,5.1741717180702835,
/scratch/ws/nashilovskiy-kv-cache/models/Qwen3-1.7B,int2,128,128,8192,0.1,4,51010272,813,9," :__;No  
 
: :

:",441fe4dc1914e0a7,,0,0,8.274989245976839,11.11111111111111,9.30856305360794,-9.30856305360794,0.0,5.09953837597277,
/scratch/ws/nashilovskiy-kv-cache/models/Qwen3-1.7B,int2,128,128,8192,0.5,0,60276079,4063,9,"  ,      ,.
6
8...
",8a97dc23a0950e9a,68,0,0,8.391010536605286,11.11111111111111,9.438042163848877,-9.438042163848877,0.0,5.103554469998926,
/scratch/ws/nashilovskiy-kv-cache/models/Qwen3-1.7B,int2,128,128,8192,0.5,1,27807918,4063,9,"  (1 and
 Under
2  
: 
19 ",2f9c075c1e262573,1219,0,0,7.998388667901357,11.11111111111111,8.99378389120102,-8.99378389120102,0.0,5.0792674630647525,
/scratch/ws/nashilovskiy-kv-cache/models/Qwen3-1.7B,int2,128,128,8192,0.5,2,28872857,4063,9," 






  
3
 ,:",94820c882782d6e5,3,0,0,8.864199806936085,11.11111111111111,9.971186339855194,-9.971186339855194,0.0,5.1628761370666325,
/scratch/ws/nashilovskiy-kv-cache/models/Qwen3-1.7B,int2,128,128,8192,0.5,3,22100565,4063,9," :
:OL under9 7
 important8 important-

",f512cb7cadac12d0,978,0,0,8.100891645790803,11.11111111111111,9.110825896263123,-9.110825896263123,0.0,5.108986677019857,
/scratch/ws/nashilovskiy-kv-cache/models/Qwen3-1.7B,int2,128,128,8192,0.5,4,20708893,4063,9," -mile


 under ________  under 


 ",e08f3f2b57bc0aa6,,0,0,8.76530887859149,11.11111111111111,9.859685182571411,-9.859685182571411,0.0,5.065188646898605,
/scratch/ws/nashilovskiy-kv-cache/models/Qwen3-1.7B,int2,128,128,8192,0.9,0,74556207,7313,9," 


 station note section formal:: and1:
 end-",00bffc81624e3e5d,1,0,0,6.018254463457399,22.22222222222222,6.765159255824983,-6.765159255824983,12.5,5.06301122403238,
/scratch/ws/nashilovskiy-kv-cache/models/Qwen3-1.7B,int2,128,128,8192,0.9,1,64582031,7313,9,"  (,...
6 near月在 
 -\ exact  under",30f5573ab0f4d94f,6,0,0,6.277754958408575,11.11111111111111,7.060816764831543,-7.060816764831543,0.0,5.092518365010619,
/scratch/ws/nashilovskiy-kv-cache/models/Qwen3-1.7B,int2,128,128,8192,0.9,2,64260655,7313,9,"  and:... 50;: is:8
5:;
",a7b02d71a4f755fc,5085,0,0,8.741921892493135,11.11111111111111,9.833154380321503,-9.833154380321503,0.0,5.098724411102012,
/scratch/ws/nashilovskiy-kv-cache/models/Qwen3-1.7B,int2,128,128,8192,0.9,3,99959519,7313,9," 
:7 99.:   uggested:.:",b9114cd7e84238cd,799,0,0,5.0126830115914345,22.22222222222222,5.636127382516861,-5.636127382516861,12.5,5.096583467093296,
/scratch/ws/nashilovskiy-kv-cache/models/Qwen3-1.7B,int2,128,128,8192,0.9,4,57909790,7313,9,"  2: 2IMPORTANT29 exact
 note : notes with",46610f7f7b6c418a,2229,0,0,6.9395668846037655,11.11111111111111,7.804764151573181,-7.804764151573181,0.0,5.08296359598171,
/scratch/ws/nashilovskiy-kv-cache/models/Qwen3-1.7B,int2,128,128,16384,0.1,0,40718164,1632,9,"  ,     
     1 ",52871bf5b39ed048,1,0,0,6.20399808883667,11.11111111111111,6.97389143705368,-6.97389143705368,0.0,9.983813459984958,
/scratch/ws/nashilovskiy-kv-cache/models/Qwen3-1.7B,int2,128,128,16384,0.1,1,54888454,1632,9," 
  92 9
 9 9
  ",fd5125a2942b2b9a,92999,0,0,5.640413390343181,11.11111111111111,6.34502100944519,-6.34502100944519,0.0,10.008718583965674,
/scratch/ws/nashilovskiy-kv-cache/models/Qwen3-1.7B,int2,128,128,16384,0.1,2,52225380,1632,9," 
8
1 


5 cod cod cod
_ ",f89e600f25ffcfa7,815,0,0,10.829842158851939,22.22222222222222,12.182736828923225,-12.182736828923225,12.5,10.015359638957307,
/scratch/ws/nashilovskiy-kv-cache/models/Qwen3-1.7B,int2,128,128,16384,0.1,3,12597033,1632,9,"   

   9
 991代码.",d31c872c751d0d83,9991,0,0,5.309150775972133,11.11111111111111,5.972428858280182,-5.972428858280182,0.0,9.972824175027199,
/scratch/ws/nashilovskiy-kv-cache/models/Qwen3-1.7B,int2,128,128,16384,0.1,4,12324688,1632,9," 99 
 2
9
2
 
  ",f2fca45f4cb59c2b,99292,0,0,6.5549256566187575,11.11111111111111,7.373852431774139,-7.373852431774139,0.0,9.967376293963753,
/scratch/ws/nashilovskiy-kv-cache/models/Qwen3-1.7B,int2,128,128,16384,0.5,0,65754787,8159,9," 代码 cod   
415 9...
代码 review ",74e3230a0bbcf759,4159,0,0,5.2367798785368604,11.11111111111111,5.883142739534378,-5.883142739534378,0.0,10.01935207506176,
/scratch/ws/nashilovskiy-kv-cache/models/Qwen3-1.7B,int2,128,128,16384,0.5,1,46124274,8159,9,"   位 

9  9 :9ro:",ab2493526ad21dff,999,0,0,5.647379675983554,11.11111111111111,6.352044433355331,-6.352044433355331,0.0,9.98491765698418,
/scratch/ws/nashilovskiy-kv-cache/models/Qwen3-1.7B,int2,128,128,16384,0.5,2,21356289,8159,9," 

1





444\

",7b12c3086322cb98,1444,0,0,8.919136084926626,11.11111111111111,10.033101260662079,-10.033101260662079,0.0,9.982654997962527,
/scratch/ws/nashilovskiy-kv-cache/models/Qwen3-1.7B,int2,128,128,16384,0.5,3,41071757,8159,9," ,    


 荣幸 REVIEW-
 important
",6c51687e5d95f633,,0,0,9.155157097925743,11.11111111111111,10.298444032669067,-10.298444032669067,0.0,9.98645070195198,
/scratch/ws/nashilovskiy-kv-cache/models/Qwen3-1.7B,int2,128,128,16384,0.5,4,96366794,8159,9," 
 the  



 1






.
. code",3e45f60dbf81239f,1,0,0,4.9154087765556245,11.11111111111111,5.528417229652405,-5.528417229652405,0.0,10.002940923906863,
/scratch/ws/nashilovskiy-kv-cache/models/Qwen3-1.7B,int2,128,128,16384,0.9,0,13651996,14686,9," :::八4   ,1 

9
",a608c09c3b4d46b4,419,0,0,4.984323761529392,11.11111111111111,5.600802332162857,-5.600802332162857,0.0,9.966866283095442,
/scratch/ws/nashilovskiy-kv-cache/models/Qwen3-1.7B,int2,128,128,16384,0.9,1,24757232,14686,9," 19,:, 
 ,9: near 9
",60d7e3bc114e809a,1999,0,0,5.7445438229996295,11.11111111111111,6.461451411247253,-6.461451411247253,0.0,10.01460187905468,
/scratch/ws/nashilovskiy-kv-cache/models/Qwen3-1.7B,int2,128,128,16384,0.9,2,22973062,14686,9," important
 

42
2

 
:
",4666ded36fbbe03f,422,0,0,7.689743754246996,44.44444444444444,8.65005910396576,-8.65005910396576,37.5,9.987863034009933,
/scratch/ws/nashilovskiy-kv-cache/models/Qwen3-1.7B,int2,128,128,16384,0.9,3,45533777,14686,9," , (
晚期屆晚期 91

4
 .",9950f71fe277fe61,914,0,0,6.693344790902403,11.11111111111111,7.528666913509369,-7.528666913509369,0.0,9.970404610037804,
/scratch/ws/nashilovskiy-kv-cache/models/Qwen3-1.7B,int2,128,128,16384,0.9,4,34581912,14686,9," 安宫
,  
    .
 4 ",237e81ca1dea87fa,4,0,0,7.6200472803579435,11.11111111111111,8.571542739868164,-8.571542739868164,0.0,9.974362852983177,
/scratch/ws/nashilovskiy-kv-cache/models/Qwen3-1.7B,int2,128,128,32768,0.1,0,59630190,3270,9," ...1 blue  wooden5 code.
.199",e98ca1b7d31ed97d,15199,0,0,7.780815844217108,11.11111111111111,8.752478063106537,-8.752478063106537,0.0,22.77042018494103,
/scratch/ws/nashilovskiy-kv-cache/models/Qwen3-1.7B,int2,128,128,32768,0.1,1,41347629,3270,9,"    important, important    : . station3重要",db66ab39f68e2fa8,3,0,0,6.131939529467167,22.22222222222222,6.897969846846536,-6.897969846846536,12.5,22.82310761208646,
/scratch/ws/nashilovskiy-kv-cache/models/Qwen3-1.7B,int2,128,128,32768,0.1,2,43908505,3270,9," 
  
1

9   15:9",8d17249b2201fbd6,19159,0,0,5.904431736627076,11.11111111111111,6.642280697822571,-6.642280697822571,0.0,22.833816793980077,
/scratch/ws/nashilovskiy-kv-cache/models/Qwen3-1.7B,int2,128,128,32768,0.1,3,48795909,3270,9," 12
19 ::4   the81 important",b75318f84d08922f,1219481,0,0,4.856487734812415,22.22222222222222,5.463081277906895,-5.463081277906895,12.5,22.801934999995865,
/scratch/ws/nashilovskiy-kv-cache/models/Qwen3-1.7B,int2,128,128,32768,0.1,4,34333501,3270,9,  Aimportant: warehouse   important    and92 ,f1bf9edd3134d6f2,92,0,0,5.87604195288279,11.11111111111111,6.610036194324493,-6.610036194324493,0.0,22.80380291410256,
/scratch/ws/nashilovskiy-kv-cache/models/Qwen3-1.7B,int2,128,128,32768,0.5,0,15892703,16351,9,  099 :69 blue in 9999,b25ac39703b3012e,09969999,0,0,6.439482331689861,11.11111111111111,7.2419713139534,-7.2419713139534,0.0,22.84583336499054,
/scratch/ws/nashilovskiy-kv-cache/models/Qwen3-1.7B,int2,128,128,32768,0.5,1,10508216,16351,9,  important the3  only3  important   The 25,44bdd03a64aebd19,3325,0,0,5.101829955069762,11.11111111111111,5.739267259836197,-5.739267259836197,0.0,22.77461399603635,
/scratch/ws/nashilovskiy-kv-cache/models/Qwen3-1.7B,int2,128,128,32768,0.5,2,61758584,16351,9,      41117   71,fcee5c2fe97ce98f,4111771,0,0,7.16608874942176,11.11111111111111,8.061453133821487,-8.061453133821487,0.0,22.799212821992114,
/scratch/ws/nashilovskiy-kv-cache/models/Qwen3-1.7B,int2,128,128,32768,0.5,3,77269506,16351,9,      9153:  199,bd8755b66e1ff0d3,9153199,0,0,6.487725379411131,11.11111111111111,7.298426330089569,-7.298426330089569,0.0,22.69640142703429,
/scratch/ws/nashilovskiy-kv-cache/models/Qwen3-1.7B,int2,128,128,32768,0.5,4,92544732,16351,9,   :021. 1 :1   green,12b36c98074b5f6e,02111,0,0,5.018934939108375,11.11111111111111,5.6458064168691635,-5.6458064168691635,0.0,22.778438868001103,
/scratch/ws/nashilovskiy-kv-cache/models/Qwen3-1.7B,int2,128,128,32768,0.9,0,15486288,29432,9," 

 D:

  31 9 91",c11dbc5c666aae64,31991,0,0,5.379562860975663,11.11111111111111,6.051186770200729,-6.051186770200729,0.0,22.81700582499616,
/scratch/ws/nashilovskiy-kv-cache/models/Qwen3-1.7B,int2,128,128,32768,0.9,1,99436619,29432,9, 11Roman green   the    green 2  ,7f3f550d1af72746,112,0,0,4.857157891965471,11.11111111111111,5.464065909385681,-5.464065909385681,0.0,22.78254345606547,
/scratch/ws/nashilovskiy-kv-cache/models/Qwen3-1.7B,int2,128,128,32768,0.9,2,65406626,29432,9," 


  999
 The
 :11",bfedf99cac7c171f,99911,0,0,6.639858186917587,11.11111111111111,7.469571381807327,-7.469571381807327,0.0,22.76142163388431,
/scratch/ws/nashilovskiy-kv-cache/models/Qwen3-1.7B,int2,128,128,32768,0.9,3,16200463,29432,9," 站0 9
 472  The  89",38a0a2c4ad5f3a1d,0947289,0,0,5.679381083153809,22.22222222222222,6.388929158449173,-6.388929158449173,12.5,22.776586447027512,
/scratch/ws/nashilovskiy-kv-cache/models/Qwen3-1.7B,int2,128,128,32768,0.9,4,29503342,29432,9," :   : 
 [   1 9",4300d57d4705eb11,19,0,0,4.081261828852196,22.22222222222222,4.59105683863163,-4.59105683863163,12.5,22.723570656962693,
