model,gpu,torch_version,transformers_version,context_len,cache,repeat,generated_tokens,decode_steps,prefill_sec,prefill_tok_s,ttft_ms,decode_sec,decode_tok_s,tpot_ms,e2e_sec,e2e_tok_s,model_memory_gib,prefill_peak_allocated_gib,decode_peak_allocated_gib,total_peak_allocated_gib,prefill_peak_reserved_gib,decode_peak_reserved_gib,total_peak_reserved_gib,peak_extra_over_model_gib,cache_seq_len,theoretical_kv_prompt_gib,theoretical_kv_final_gib,cache_prompt_gpu_gib,cache_prompt_cpu_gib,cache_prompt_total_gib,cache_final_gpu_gib,cache_final_cpu_gib,cache_final_total_gib,host_rss_gib,output_hash,error
/scratch/ws/nashilovskiy-kv-cache/models/Qwen3-8B,Tesla V100-SXM2-32GB,2.14.0+cu126,5.17.0,8192,dynamic,0,64,63,2.2578856089385226,3628.173175633651,2258.1333779962733,3.2941108220256865,19.12503962488386,52.28747336548709,5.55224420002196,11.526870521967833,15.258404731750488,17.20805072784424,16.41604518890381,17.20805072784424,17.58984375,17.58984375,17.58984375,1.94964599609375,8255,1.125,1.1336517333984375,1.125,0.0,1.125,1.1336517333984375,0.0,1.1336517333984375,1.7804946899414062,2a09e4e68e5577b1,
/scratch/ws/nashilovskiy-kv-cache/models/Qwen3-8B,Tesla V100-SXM2-32GB,2.14.0+cu126,5.17.0,8192,dynamic,1,64,63,2.2628976460546255,3620.137222857957,2263.03261006251,3.3013873029267415,19.082886744051304,52.40297306232923,5.564419912989251,11.501648150349366,15.258404731750488,17.20805072784424,16.41604518890381,17.20805072784424,17.58984375,17.58984375,17.58984375,1.94964599609375,8255,1.125,1.1336517333984375,1.125,0.0,1.125,1.1336517333984375,0.0,1.1336517333984375,1.7805061340332031,2a09e4e68e5577b1,
/scratch/ws/nashilovskiy-kv-cache/models/Qwen3-8B,Tesla V100-SXM2-32GB,2.14.0+cu126,5.17.0,8192,dynamic,2,64,63,2.264937211992219,3616.8773053070145,2265.082211000845,3.3019006280228496,19.079920051295993,52.41112107972777,5.566982839023694,11.496353024724602,15.258404731750488,17.20805072784424,16.41604518890381,17.20805072784424,17.58984375,17.58984375,17.58984375,1.94964599609375,8255,1.125,1.1336517333984375,1.125,0.0,1.125,1.1336517333984375,0.0,1.1336517333984375,1.7805061340332031,2a09e4e68e5577b1,
/scratch/ws/nashilovskiy-kv-cache/models/Qwen3-8B,Tesla V100-SXM2-32GB,2.14.0+cu126,5.17.0,16384,dynamic,0,64,63,5.779280794900842,2834.9548294064343,5779.443728970364,4.723993074032478,13.336175352649738,74.98401704813458,10.503436803002842,6.093243687790167,15.258404731750488,19.14976215362549,17.55691432952881,19.14976215362549,20.15234375,20.15234375,20.15234375,3.891357421875,16447,2.25,2.2586517333984375,2.25,0.0,2.25,2.2586517333984375,0.0,2.2586517333984375,1.7808494567871094,2a09e4e68e5577b1,
/scratch/ws/nashilovskiy-kv-cache/models/Qwen3-8B,Tesla V100-SXM2-32GB,2.14.0+cu126,5.17.0,16384,dynamic,1,64,63,5.7785796449752524,2835.298811576762,5778.775190934539,4.736791665083729,13.300141626323013,75.18716928704332,10.515566856018268,6.086214930331742,15.258404731750488,19.14976215362549,17.55691432952881,19.14976215362549,20.15234375,20.15234375,20.15234375,3.891357421875,16447,2.25,2.2586517333984375,2.25,0.0,2.25,2.2586517333984375,0.0,2.2586517333984375,1.7808494567871094,2a09e4e68e5577b1,
/scratch/ws/nashilovskiy-kv-cache/models/Qwen3-8B,Tesla V100-SXM2-32GB,2.14.0+cu126,5.17.0,16384,dynamic,2,64,63,5.779704321059398,2834.7470891031453,5779.869458056055,4.730188098968938,13.318709252541652,75.08235077728473,10.510057557024993,6.089405281821884,15.258404731750488,19.14976215362549,17.55691432952881,19.14976215362549,20.15234375,20.15234375,20.15234375,3.891357421875,16447,2.25,2.2586517333984375,2.25,0.0,2.25,2.2586517333984375,0.0,2.2586517333984375,1.7808494567871094,2a09e4e68e5577b1,
/scratch/ws/nashilovskiy-kv-cache/models/Qwen3-8B,Tesla V100-SXM2-32GB,2.14.0+cu126,5.17.0,32768,dynamic,0,64,63,17.24726934498176,1899.894954069012,17247.663630056195,7.573526113992557,8.31845022407774,120.21470022210409,24.821189744048752,2.578442075499018,15.258404731750488,23.03318500518799,19.83865261077881,23.03318500518799,24.029296875,24.029296875,24.029296875,7.7747802734375,32831,4.5,4.5086517333984375,4.5,0.0,4.5,4.5086517333984375,0.0,4.5086517333984375,1.7812576293945312,2a09e4e68e5577b1,
/scratch/ws/nashilovskiy-kv-cache/models/Qwen3-8B,Tesla V100-SXM2-32GB,2.14.0+cu126,5.17.0,32768,dynamic,1,64,63,17.250788477947935,1899.5073785692787,17251.168574905023,7.569162430940196,8.32324587757255,120.14543541174915,24.82033100584522,2.578531284894143,15.258404731750488,23.03318500518799,19.83865261077881,23.03318500518799,24.029296875,24.029296875,24.029296875,7.7747802734375,32831,4.5,4.5086517333984375,4.5,0.0,4.5,4.5086517333984375,0.0,4.5086517333984375,1.7812576293945312,2a09e4e68e5577b1,
/scratch/ws/nashilovskiy-kv-cache/models/Qwen3-8B,Tesla V100-SXM2-32GB,2.14.0+cu126,5.17.0,32768,dynamic,2,64,63,17.25049528304953,1899.5396632001684,17250.68774004467,7.5745678739622235,8.317306155056603,120.23123609463848,24.825255614006892,2.5780197793367314,15.258404731750488,23.03318500518799,19.83865261077881,23.03318500518799,24.029296875,24.029296875,24.029296875,7.7747802734375,32831,4.5,4.5086517333984375,4.5,0.0,4.5,4.5086517333984375,0.0,4.5086517333984375,1.7812576293945312,2a09e4e68e5577b1,
/scratch/ws/nashilovskiy-kv-cache/models/Qwen3-8B,Tesla V100-SXM2-32GB,2.14.0+cu126,5.17.0,40895,dynamic,0,64,63,25.38415878091473,1611.0441300401576,25384.37487196643,8.993917025043629,7.004734402660824,142.76058769910523,34.37829189701006,1.8616399032194557,15.258404731750488,24.959986209869385,20.970765113830566,24.959986209869385,26.77734375,26.77734375,26.77734375,9.701581478118896,40958,5.6160736083984375,5.624725341796875,5.6160736083984375,0.0,5.6160736083984375,5.624725341796875,0.0,5.624725341796875,1.7815818786621094,0d95aece4b10e4ae,
/scratch/ws/nashilovskiy-kv-cache/models/Qwen3-8B,Tesla V100-SXM2-32GB,2.14.0+cu126,5.17.0,40895,dynamic,1,64,63,25.388694636989385,1610.7563064868689,25389.091435004957,8.979202372021973,7.016213399566515,142.52702177812657,34.36829380702693,1.8621814734054265,15.258404731750488,24.959986209869385,20.970765113830566,24.959986209869385,26.77734375,26.77734375,26.77734375,9.701581478118896,40958,5.6160736083984375,5.624725341796875,5.6160736083984375,0.0,5.6160736083984375,5.624725341796875,0.0,5.624725341796875,1.7815818786621094,0d95aece4b10e4ae,
/scratch/ws/nashilovskiy-kv-cache/models/Qwen3-8B,Tesla V100-SXM2-32GB,2.14.0+cu126,5.17.0,40895,dynamic,2,64,63,25.367378821014427,1612.109800091858,25367.560153943487,8.980983795016073,7.014821698594019,142.55529833358847,34.34854394895956,1.8632521976797973,15.258404731750488,24.959986209869385,20.970765113830566,24.959986209869385,26.77734375,26.77734375,26.77734375,9.701581478118896,40958,5.6160736083984375,5.624725341796875,5.6160736083984375,0.0,5.6160736083984375,5.624725341796875,0.0,5.624725341796875,1.7815818786621094,0d95aece4b10e4ae,
/scratch/ws/nashilovskiy-kv-cache/models/Qwen3-8B,Tesla V100-SXM2-32GB,2.14.0+cu126,5.17.0,8192,int4,0,64,63,3.987297636922449,2054.5243284930452,3987.3633129755035,4.307766180951148,14.62474919799145,68.37724096747854,8.295129493926652,7.715370814507252,15.258404731750488,16.39945697784424,15.654566764831543,16.39945697784424,16.8125,16.822265625,16.822265625,1.14105224609375,8255,1.125,1.1336517333984375,0.31640625,0.0,0.31640625,0.3250579833984375,0.0,0.3250579833984375,1.8951530456542969,796a9cc97d93319a,
/scratch/ws/nashilovskiy-kv-cache/models/Qwen3-8B,Tesla V100-SXM2-32GB,2.14.0+cu126,5.17.0,8192,int4,1,64,63,3.974534671055153,2061.121786069412,3974.6005680644885,4.318834393983707,14.587269214990343,68.55292688863027,8.293434962048195,7.716947235116942,15.258404731750488,16.39945697784424,15.654566764831543,16.39945697784424,16.8125,16.822265625,16.822265625,1.14105224609375,8255,1.125,1.1336517333984375,0.31640625,0.0,0.31640625,0.3250579833984375,0.0,0.3250579833984375,1.8952865600585938,796a9cc97d93319a,
/scratch/ws/nashilovskiy-kv-cache/models/Qwen3-8B,Tesla V100-SXM2-32GB,2.14.0+cu126,5.17.0,8192,int4,2,64,63,3.9629439460113645,2067.1501064871504,3963.0309540079907,4.31234941794537,14.609205770254237,68.44999076103763,8.27538037195336,7.733783478630981,15.258404731750488,16.39945697784424,15.654566764831543,16.39945697784424,16.8125,16.822265625,16.822265625,1.14105224609375,8255,1.125,1.1336517333984375,0.31640625,0.0,0.31640625,0.3250579833984375,0.0,0.3250579833984375,1.8954086303710938,796a9cc97d93319a,
/scratch/ws/nashilovskiy-kv-cache/models/Qwen3-8B,Tesla V100-SXM2-32GB,2.14.0+cu126,5.17.0,16384,int4,0,64,63,8.84805825795047,1851.705710151498,8848.154790932313,6.649467433919199,9.474442972475432,105.54710212570157,15.497622224851511,4.129665768815268,15.258404731750488,17.53257465362549,16.033717155456543,17.53257465362549,18.6015625,18.607421875,18.607421875,2.274169921875,16447,2.25,2.2586517333984375,0.6328125,0.0,0.6328125,0.6414642333984375,0.0,0.6414642333984375,1.8957633972167969,796a9cc97d93319a,
/scratch/ws/nashilovskiy-kv-cache/models/Qwen3-8B,Tesla V100-SXM2-32GB,2.14.0+cu126,5.17.0,16384,int4,1,64,63,8.879410458961502,1845.1675452692389,8879.566484945826,6.6438758780714124,9.482416763373923,105.4583472709748,15.523442363017239,4.1227968966775315,15.258404731750488,17.53257465362549,16.033717155456543,17.53257465362549,18.6015625,18.607421875,18.607421875,2.274169921875,16447,2.25,2.2586517333984375,0.6328125,0.0,0.6328125,0.6414642333984375,0.0,0.6414642333984375,1.8959197998046875,796a9cc97d93319a,
/scratch/ws/nashilovskiy-kv-cache/models/Qwen3-8B,Tesla V100-SXM2-32GB,2.14.0+cu126,5.17.0,16384,int4,2,64,63,8.847570194979198,1851.807856726309,8847.637609927915,6.648258028901182,9.476166497468599,105.52790522065368,15.495895638829097,4.130125905057785,15.258404731750488,17.53257465362549,16.033717155456543,17.53257465362549,18.6015625,18.607421875,18.607421875,2.274169921875,16447,2.25,2.2586517333984375,0.6328125,0.0,0.6328125,0.6414642333984375,0.0,0.6414642333984375,1.8960685729980469,796a9cc97d93319a,
/scratch/ws/nashilovskiy-kv-cache/models/Qwen3-8B,Tesla V100-SXM2-32GB,2.14.0+cu126,5.17.0,32768,int4,0,64,63,22.91459687706083,1430.005519006234,22914.733589044772,11.268516666954383,5.590797960547138,178.86534391991086,34.183250255999155,1.8722619856421643,15.258404731750488,19.79881000518799,16.792017936706543,19.79881000518799,21.919921875,21.927734375,21.927734375,4.5404052734375,32831,4.5,4.5086517333984375,1.265625,0.0,1.265625,1.2742767333984375,0.0,1.2742767333984375,1.8967323303222656,796a9cc97d93319a,
/scratch/ws/nashilovskiy-kv-cache/models/Qwen3-8B,Tesla V100-SXM2-32GB,2.14.0+cu126,5.17.0,32768,int4,1,64,63,22.938188713043928,1428.5347640097798,22938.333121943288,11.261525752954185,5.594268608183353,178.7543770310188,34.19985887489747,1.8713527513113712,15.258404731750488,19.79881000518799,16.792017936706543,19.79881000518799,21.919921875,21.927734375,21.927734375,4.5404052734375,32831,4.5,4.5086517333984375,1.265625,0.0,1.265625,1.2742767333984375,0.0,1.2742767333984375,1.8968544006347656,796a9cc97d93319a,
/scratch/ws/nashilovskiy-kv-cache/models/Qwen3-8B,Tesla V100-SXM2-32GB,2.14.0+cu126,5.17.0,32768,int4,2,64,63,22.919022263027728,1429.7294022380852,22919.096380006522,11.272455223021097,5.588844555473475,178.92786068287455,34.19155160302762,1.8718074202380708,15.258404731750488,19.79881000518799,16.792017936706543,19.79881000518799,21.919921875,21.927734375,21.927734375,4.5404052734375,32831,4.5,4.5086517333984375,1.265625,0.0,1.265625,1.2742767333984375,0.0,1.2742767333984375,1.8968544006347656,796a9cc97d93319a,
/scratch/ws/nashilovskiy-kv-cache/models/Qwen3-8B,Tesla V100-SXM2-32GB,2.14.0+cu126,5.17.0,40895,int4,0,64,63,32.214034502976574,1269.4777487812432,32214.185220887884,13.554500197991729,4.647902842580226,215.1507967935195,45.76868541887961,1.3983359892089005,15.258404731750488,20.933571815490723,17.178298473358154,20.933571815490723,23.33984375,21.787109375,23.33984375,5.675167083740234,40958,5.6160736083984375,5.624725341796875,1.5795207023620605,0.0,1.5795207023620605,1.588172435760498,0.0,1.588172435760498,1.8969841003417969,8449629224589ca8,
/scratch/ws/nashilovskiy-kv-cache/models/Qwen3-8B,Tesla V100-SXM2-32GB,2.14.0+cu126,5.17.0,40895,int4,1,64,63,32.15328531200066,1271.8762516232407,32153.435193002224,13.56815156689845,4.643226432825086,215.3674851888643,45.721586759900674,1.3997764411827038,15.258404731750488,20.933571815490723,17.178298473358154,20.933571815490723,23.33984375,21.787109375,23.33984375,5.675167083740234,40958,5.6160736083984375,5.624725341796875,1.5795207023620605,0.0,1.5795207023620605,1.588172435760498,0.0,1.588172435760498,1.8969841003417969,8449629224589ca8,
/scratch/ws/nashilovskiy-kv-cache/models/Qwen3-8B,Tesla V100-SXM2-32GB,2.14.0+cu126,5.17.0,40895,int4,2,64,63,32.216418039985,1269.3838262603772,32216.562359011732,13.542701384983957,4.651952236785927,214.96351404736438,45.75926374399569,1.398623901775469,15.258404731750488,20.933571815490723,17.178298473358154,20.933571815490723,23.33984375,21.787109375,23.33984375,5.675167083740234,40958,5.6160736083984375,5.624725341796875,1.5795207023620605,0.0,1.5795207023620605,1.588172435760498,0.0,1.588172435760498,1.8971061706542969,8449629224589ca8,
/scratch/ws/nashilovskiy-kv-cache/models/Qwen3-8B,Tesla V100-SXM2-32GB,2.14.0+cu126,5.17.0,8192,int2,0,64,63,4.09876553399954,1998.6505527205206,4098.829582915641,4.261279938975349,14.784290378056866,67.63936411071982,8.36010952189099,7.655402101182486,15.258404731750488,16.25883197784424,15.513941764831543,16.25883197784424,16.626953125,16.634765625,16.634765625,1.00042724609375,8255,1.125,1.1336517333984375,0.17578125,0.0,0.17578125,0.1844329833984375,0.0,0.1844329833984375,1.8971061706542969,792f62f7b91055d3,
/scratch/ws/nashilovskiy-kv-cache/models/Qwen3-8B,Tesla V100-SXM2-32GB,2.14.0+cu126,5.17.0,8192,int2,1,64,63,4.087062304955907,2004.373652456071,4087.152309017256,4.270097419037484,14.75376175707971,67.77932411170609,8.35724972805474,7.658021727549459,15.258404731750488,16.25883197784424,15.513941764831543,16.25883197784424,16.626953125,16.634765625,16.634765625,1.00042724609375,8255,1.125,1.1336517333984375,0.17578125,0.0,0.17578125,0.1844329833984375,0.0,0.1844329833984375,1.8971061706542969,792f62f7b91055d3,
/scratch/ws/nashilovskiy-kv-cache/models/Qwen3-8B,Tesla V100-SXM2-32GB,2.14.0+cu126,5.17.0,8192,int2,2,64,63,4.076555875944905,2009.539486098955,4076.6383529407904,4.264769544941373,14.772193277061596,67.6947546816091,8.341407897882164,7.672565684774778,15.258404731750488,16.25883197784424,15.513941764831543,16.25883197784424,16.626953125,16.634765625,16.634765625,1.00042724609375,8255,1.125,1.1336517333984375,0.17578125,0.0,0.17578125,0.1844329833984375,0.0,0.1844329833984375,1.8971061706542969,792f62f7b91055d3,
/scratch/ws/nashilovskiy-kv-cache/models/Qwen3-8B,Tesla V100-SXM2-32GB,2.14.0+cu126,5.17.0,16384,int2,0,64,63,9.092205277993344,1801.9830722097336,9092.46275096666,6.715213216026314,9.381682751285723,106.59068596867165,15.807675966992974,4.048665985666357,15.258404731750488,17.25132465362549,15.752467155456543,17.25132465362549,18.22265625,18.232421875,18.232421875,1.992919921875,16447,2.25,2.2586517333984375,0.3515625,0.0,0.3515625,0.3602142333984375,0.0,0.3602142333984375,1.8971061706542969,c611bea87425558a,
/scratch/ws/nashilovskiy-kv-cache/models/Qwen3-8B,Tesla V100-SXM2-32GB,2.14.0+cu126,5.17.0,16384,int2,1,64,63,9.071693166974,1806.0575571103811,9071.829983964562,6.714756192988716,9.382321291990039,106.58343163474153,15.786586176953278,4.054074724111862,15.258404731750488,17.25132465362549,15.752467155456543,17.25132465362549,18.22265625,18.232421875,18.232421875,1.992919921875,16447,2.25,2.2586517333984375,0.3515625,0.0,0.3515625,0.3602142333984375,0.0,0.3602142333984375,1.8971099853515625,c611bea87425558a,
/scratch/ws/nashilovskiy-kv-cache/models/Qwen3-8B,Tesla V100-SXM2-32GB,2.14.0+cu126,5.17.0,16384,int2,2,64,63,9.07536156300921,1805.3275218014994,9075.438529020175,6.723650889936835,9.369909448197399,106.72461730058468,15.79908941895701,4.050866369754683,15.258404731750488,17.25132465362549,15.752467155456543,17.25132465362549,18.22265625,18.232421875,18.232421875,1.992919921875,16447,2.25,2.2586517333984375,0.3515625,0.0,0.3515625,0.3602142333984375,0.0,0.3602142333984375,1.8971099853515625,c611bea87425558a,
/scratch/ws/nashilovskiy-kv-cache/models/Qwen3-8B,Tesla V100-SXM2-32GB,2.14.0+cu126,5.17.0,32768,int2,0,64,63,23.800221113022417,1376.7939316358206,23800.368656986393,11.446877654991113,5.503684227159578,181.69647071414465,35.247246311977506,1.8157446806916064,15.258404731750488,19.23631000518799,16.229517936706543,19.23631000518799,21.158203125,20.677734375,21.158203125,3.9779052734375,32831,4.5,4.5086517333984375,0.703125,0.0,0.703125,0.7117767333984375,0.0,0.7117767333984375,1.8977813720703125,dcd415957550d61f,
/scratch/ws/nashilovskiy-kv-cache/models/Qwen3-8B,Tesla V100-SXM2-32GB,2.14.0+cu126,5.17.0,32768,int2,1,64,63,23.787226306041703,1377.546065203797,23787.371548009105,11.44226439401973,5.50590318756546,181.62324434951952,35.229635942028835,1.8166523237797134,15.258404731750488,19.23631000518799,16.229517936706543,19.23631000518799,21.158203125,20.677734375,21.158203125,3.9779052734375,32831,4.5,4.5086517333984375,0.703125,0.0,0.703125,0.7117767333984375,0.0,0.7117767333984375,1.8978118896484375,dcd415957550d61f,
/scratch/ws/nashilovskiy-kv-cache/models/Qwen3-8B,Tesla V100-SXM2-32GB,2.14.0+cu126,5.17.0,32768,int2,2,64,63,23.820974285015836,1375.594449157864,23821.13387796562,11.448272319044918,5.503013751271059,181.71860823880823,35.26940619701054,1.8146038422791673,15.258404731750488,19.23631000518799,16.229517936706543,19.23631000518799,21.158203125,20.677734375,21.158203125,3.9779052734375,32831,4.5,4.5086517333984375,0.703125,0.0,0.703125,0.7117767333984375,0.0,0.7117767333984375,1.8978118896484375,dcd415957550d61f,
/scratch/ws/nashilovskiy-kv-cache/models/Qwen3-8B,Tesla V100-SXM2-32GB,2.14.0+cu126,5.17.0,40895,int2,0,64,63,32.93426761997398,1241.71578587641,32934.40951197408,13.738870824920014,4.5855296845595594,218.07731468127005,46.673280336894095,1.3712342380488212,15.258404731750488,20.231041431427002,16.475768089294434,20.231041431427002,22.40234375,22.412109375,22.412109375,4.972636699676514,40958,5.6160736083984375,5.624725341796875,0.8775115013122559,0.0,0.8775115013122559,0.8861632347106934,0.0,0.8861632347106934,1.8982620239257812,8e94cbddd4be02a9,
/scratch/ws/nashilovskiy-kv-cache/models/Qwen3-8B,Tesla V100-SXM2-32GB,2.14.0+cu126,5.17.0,40895,int2,1,64,63,32.85140121099539,1244.8479666770625,32851.53031593654,13.727437143912539,4.589349005173736,217.89582768115142,46.57896745984908,1.3740107067673364,15.258404731750488,20.231041431427002,16.475768089294434,20.231041431427002,22.40234375,22.412109375,22.412109375,4.972636699676514,40958,5.6160736083984375,5.624725341796875,0.8775115013122559,0.0,0.8775115013122559,0.8861632347106934,0.0,0.8861632347106934,1.8982620239257812,8e94cbddd4be02a9,
/scratch/ws/nashilovskiy-kv-cache/models/Qwen3-8B,Tesla V100-SXM2-32GB,2.14.0+cu126,5.17.0,40895,int2,2,64,63,32.81386708992068,1246.271885234812,32813.9791819267,13.736954023013823,4.586169531793927,218.04688925418768,46.55093320494052,1.374838173882357,15.258404731750488,20.231041431427002,16.475768089294434,20.231041431427002,22.40234375,22.412109375,22.412109375,4.972636699676514,40958,5.6160736083984375,5.624725341796875,0.8775115013122559,0.0,0.8775115013122559,0.8861632347106934,0.0,0.8861632347106934,1.8982620239257812,8e94cbddd4be02a9,
