model,gpu,torch_version,transformers_version,context_len,cache,repeat,generated_tokens,elapsed_sec,e2e_tokens_per_sec,peak_allocated_gb,peak_reserved_gb,host_rss_gb,error
/scratch/ws/nashilovskiy-kv-cache/models/Qwen3-0.6B,Tesla V100-SXM2-32GB,2.14.0+cu126,5.17.0,512,dynamic,0,32,1.0992874069488607,29.10976674318316,1.2046685218811035,1.271484375,2.092681884765625,
/scratch/ws/nashilovskiy-kv-cache/models/Qwen3-0.6B,Tesla V100-SXM2-32GB,2.14.0+cu126,5.17.0,2048,dynamic,0,32,1.1234869820182212,28.48275103509923,1.3887648582458496,1.5,2.0926895141601562,
/scratch/ws/nashilovskiy-kv-cache/models/Qwen3-0.6B,Tesla V100-SXM2-32GB,2.14.0+cu126,5.17.0,8192,dynamic,0,32,1.4579169190255925,21.949124523081462,2.200517177581787,2.580078125,2.0926895141601562,
/scratch/ws/nashilovskiy-kv-cache/models/Qwen3-0.6B,Tesla V100-SXM2-32GB,2.14.0+cu126,5.17.0,512,static,0,32,1.2545917999814264,25.506304122563005,1.20546293258667,1.21875,2.1143341064453125,
/scratch/ws/nashilovskiy-kv-cache/models/Qwen3-0.6B,Tesla V100-SXM2-32GB,2.14.0+cu126,5.17.0,2048,static,0,32,1.3005738580250181,24.604523459047137,1.3920893669128418,1.541015625,2.1143836975097656,
/scratch/ws/nashilovskiy-kv-cache/models/Qwen3-0.6B,Tesla V100-SXM2-32GB,2.14.0+cu126,5.17.0,8192,static,0,32,1.6467902270378545,19.43174028762585,2.2038416862487793,2.75,2.1145553588867188,
/scratch/ws/nashilovskiy-kv-cache/models/Qwen3-0.6B,Tesla V100-SXM2-32GB,2.14.0+cu126,5.17.0,512,offloaded,0,32,1.2960123170050792,24.69112336366367,1.1340689659118652,1.18359375,2.2800865173339844,
/scratch/ws/nashilovskiy-kv-cache/models/Qwen3-0.6B,Tesla V100-SXM2-32GB,2.14.0+cu126,5.17.0,2048,offloaded,0,32,1.4668545270105824,21.81538755940257,1.1778273582458496,1.25,2.960216522216797,
/scratch/ws/nashilovskiy-kv-cache/models/Qwen3-0.6B,Tesla V100-SXM2-32GB,2.14.0+cu126,5.17.0,8192,offloaded,0,32,4.666608567989897,6.857228227689929,1.356767177581787,1.5859375,6.585823059082031,
