model,cache,context_len,position,seed,passkey,needle_start_token,target_token_count,generated_text,generated_hash,normalized_answer,strict_exact_match,normalized_exact_match,tf_nll_all,tf_top1_all_pct,tf_nll_decode,tf_mean_logprob_decode,tf_top1_decode_pct,elapsed_sec,error
/scratch/ws/nashilovskiy-kv-cache/models/Qwen3-4B,dynamic,8192,0.1,0,88034731,813,9," 88034731
Okay, let's see.",b8d04ba061aa73b4,88034731,0,1,0.003704992768588353,100.0,5.849162573667854e-05,-5.849162573667854e-05,100.0,6.558143284986727,
/scratch/ws/nashilovskiy-kv-cache/models/Qwen3-4B,dynamic,8192,0.1,1,57634864,813,9," 57634864
Okay, let me try to",40217f1bb7f93d1c,57634864,0,1,0.005444735334573952,100.0,5.984590902041731e-05,-5.984590902041731e-05,100.0,4.504991294001229,
/scratch/ws/nashilovskiy-kv-cache/models/Qwen3-4B,dynamic,8192,0.1,2,85874784,813,9," 85874784
Okay, let me try to",417a6e84794490f4,85874784,0,1,0.003715453704254893,100.0,5.000251537978784e-05,-5.000251537978784e-05,100.0,4.508869486046024,
/scratch/ws/nashilovskiy-kv-cache/models/Qwen3-4B,dynamic,8192,0.1,3,90180242,813,9," 90180242
Okay, let's see.",d4dea98b4592feb4,90180242,0,1,0.003561650490218603,100.0,6.242630122699211e-05,-6.242630122699211e-05,100.0,4.462859867024235,
/scratch/ws/nashilovskiy-kv-cache/models/Qwen3-4B,dynamic,8192,0.1,4,51010272,813,9," 51010272
Okay, let's see.",6ca299988c8f274b,51010272,0,1,0.004271639229348996,100.0,7.72307718079901e-05,-7.72307718079901e-05,100.0,4.539597689989023,
/scratch/ws/nashilovskiy-kv-cache/models/Qwen3-4B,dynamic,8192,0.5,0,60276079,4063,9," 60276079
Okay, let me try to",811385a2993a38f5,60276079,0,1,0.004134647770014353,100.0,4.3223395891800465e-05,-4.3223395891800465e-05,100.0,4.515665300074033,
/scratch/ws/nashilovskiy-kv-cache/models/Qwen3-4B,dynamic,8192,0.5,1,27807918,4063,9," 27807918
Okay, let me try to",fe8a7f718332699f,27807918,0,1,0.007241834312739886,100.0,5.832773826597304e-05,-5.832773826597304e-05,100.0,4.483735913061537,
/scratch/ws/nashilovskiy-kv-cache/models/Qwen3-4B,dynamic,8192,0.5,2,28872857,4063,9," 28872857
Okay, let me try to",f53cdd9449630b20,28872857,0,1,0.002944185249065059,100.0,4.757283671352752e-05,-4.757283671352752e-05,100.0,4.462431587046012,
/scratch/ws/nashilovskiy-kv-cache/models/Qwen3-4B,dynamic,8192,0.5,3,22100565,4063,9," 22100565
Okay, let me try to",58567c93d7351755,22100565,0,1,0.003480593750358215,100.0,4.9719556585614555e-05,-4.9719556585614555e-05,100.0,4.493367147981189,
/scratch/ws/nashilovskiy-kv-cache/models/Qwen3-4B,dynamic,8192,0.5,4,20708893,4063,9," 20708893
Okay, let me try to",a1dd84bcce5637ba,20708893,0,1,0.003548045942046151,100.0,6.242653972421408e-05,-6.242653972421408e-05,100.0,4.507081029005349,
/scratch/ws/nashilovskiy-kv-cache/models/Qwen3-4B,dynamic,8192,0.9,0,74556207,7313,9," 74556207
Okay, let's see.",df9d586adb414c23,74556207,0,1,0.008261874983923513,100.0,5.339999148645802e-05,-5.339999148645802e-05,100.0,4.45444928703364,
/scratch/ws/nashilovskiy-kv-cache/models/Qwen3-4B,dynamic,8192,0.9,1,64582031,7313,9," 64582031
Okay, let me try to",54730bbae4f1f407,64582031,0,1,0.004667560193966993,100.0,5.972890261318753e-05,-5.972890261318753e-05,100.0,4.449549839016981,
/scratch/ws/nashilovskiy-kv-cache/models/Qwen3-4B,dynamic,8192,0.9,2,64260655,7313,9," 64260655
Okay, let's see.",43fef12b62961e1f,64260655,0,1,0.004894364324854905,100.0,7.739815598029054e-05,-7.739815598029054e-05,100.0,4.53296586102806,
/scratch/ws/nashilovskiy-kv-cache/models/Qwen3-4B,dynamic,8192,0.9,3,99959519,7313,9," 99959519
Okay, let's see.",3e767d76c07c521e,99959519,0,1,0.004370221233355349,100.0,6.840143649355923e-05,-6.840143649355923e-05,100.0,4.461087953997776,
/scratch/ws/nashilovskiy-kv-cache/models/Qwen3-4B,dynamic,8192,0.9,4,57909790,7313,9," 57909790
Okay, let me try to",5b16558d9850370c,57909790,0,1,0.004314890504297687,100.0,7.099071564198312e-05,-7.099071564198312e-05,100.0,4.474798143957742,
/scratch/ws/nashilovskiy-kv-cache/models/Qwen3-4B,dynamic,16384,0.1,0,40718164,1632,9," 40718164
Okay, let's see.",b6db96d53939149a,40718164,0,1,0.012449735486860113,100.0,8.028550187688666e-05,-8.028550187688666e-05,100.0,10.630499453051016,
/scratch/ws/nashilovskiy-kv-cache/models/Qwen3-4B,dynamic,16384,0.1,1,54888454,1632,9," 54888454
Okay, let's see.",de49b606428dd287,54888454,0,1,0.01154153404230682,100.0,0.00012924269879022177,-0.00012924269879022177,100.0,10.65300988603849,
/scratch/ws/nashilovskiy-kv-cache/models/Qwen3-4B,dynamic,16384,0.1,2,52225380,1632,9," 52225380
Okay, let's see.",5408bf0dba2e74d3,52225380,0,1,0.00660299582740562,100.0,8.871395283449601e-05,-8.871395283449601e-05,100.0,10.676161548006348,
/scratch/ws/nashilovskiy-kv-cache/models/Qwen3-4B,dynamic,16384,0.1,3,12597033,1632,9," 12597033
Okay, let's see.",13802b72993eb721,12597033,0,1,0.006474983653371662,100.0,9.464831383354522e-05,-9.464831383354522e-05,100.0,10.631557957967743,
/scratch/ws/nashilovskiy-kv-cache/models/Qwen3-4B,dynamic,16384,0.1,4,12324688,1632,9," 12324688
Okay, let's see.",1368ad596c77c208,12324688,0,1,0.00911547125144807,100.0,9.790954102584237e-05,-9.790954102584237e-05,100.0,10.63633705500979,
/scratch/ws/nashilovskiy-kv-cache/models/Qwen3-4B,dynamic,16384,0.5,0,65754787,8159,9," 65754787
Okay, let's see.",279ca79ae11e1d7c,65754787,0,1,0.010459474557832336,100.0,7.189828998832581e-05,-7.189828998832581e-05,100.0,10.651929583982565,
/scratch/ws/nashilovskiy-kv-cache/models/Qwen3-4B,dynamic,16384,0.5,1,46124274,8159,9," 46124274
Okay, let me try to",d592c77c543417b7,46124274,0,1,0.005632610331253495,100.0,8.578128398539775e-05,-8.578128398539775e-05,100.0,10.642351218964905,
/scratch/ws/nashilovskiy-kv-cache/models/Qwen3-4B,dynamic,16384,0.5,2,21356289,8159,9," 21356289
Okay, let's see.",e8e9d413d4807bc0,21356289,0,1,0.003907989482576745,100.0,5.180549304384385e-05,-5.180549304384385e-05,100.0,10.691282976069488,
/scratch/ws/nashilovskiy-kv-cache/models/Qwen3-4B,dynamic,16384,0.5,3,41071757,8159,9," 41071757
Okay, let's see.",232c5c602f61bf9b,41071757,0,1,0.0074851921063820255,100.0,7.44623164266045e-05,-7.44623164266045e-05,100.0,10.656645589973778,
/scratch/ws/nashilovskiy-kv-cache/models/Qwen3-4B,dynamic,16384,0.5,4,96366794,8159,9," 96366794
Okay, let's see.",e22c23e58460640c,96366794,0,1,0.004656765922921598,100.0,6.165250951539747e-05,-6.165250951539747e-05,100.0,10.642042430001311,
/scratch/ws/nashilovskiy-kv-cache/models/Qwen3-4B,dynamic,16384,0.9,0,13651996,14686,9," 13651996
Okay, let's see.",4aadadf345f9a02b,13651996,0,1,0.009287537605801945,100.0,6.074436520009385e-05,-6.074436520009385e-05,100.0,10.676341768004932,
/scratch/ws/nashilovskiy-kv-cache/models/Qwen3-4B,dynamic,16384,0.9,1,24757232,14686,9," 24757232
Okay, let me try to",d41d78ef1b3a8c14,24757232,0,1,0.006027971534371722,100.0,7.135122467616384e-05,-7.135122467616384e-05,100.0,10.657249983982183,
/scratch/ws/nashilovskiy-kv-cache/models/Qwen3-4B,dynamic,16384,0.9,2,22973062,14686,9," 22973062
Okay, let me try to",75932a0e92b67483,22973062,0,1,0.003914783302838664,100.0,6.414054396941538e-05,-6.414054396941538e-05,100.0,10.656217431998812,
/scratch/ws/nashilovskiy-kv-cache/models/Qwen3-4B,dynamic,16384,0.9,3,45533777,14686,9," 45533777
Okay, let me try to",a10adea84e7f660c,45533777,0,1,0.004142591153645804,100.0,6.16242681417134e-05,-6.16242681417134e-05,100.0,10.66488852200564,
/scratch/ws/nashilovskiy-kv-cache/models/Qwen3-4B,dynamic,16384,0.9,4,34581912,14686,9," 34581912
Okay, let me try to",d384f5b10462cdc0,34581912,0,1,0.0032319153452817773,100.0,5.30693331626253e-05,-5.30693331626253e-05,100.0,10.676604044041596,
/scratch/ws/nashilovskiy-kv-cache/models/Qwen3-4B,dynamic,32768,0.1,0,59630190,3270,9," 59630190
Okay, let's see.",f4fe38a89820f2b9,59630190,0,1,0.004644248481478523,100.0,0.00010474148677985795,-0.00010474148677985795,100.0,31.50495484098792,
/scratch/ws/nashilovskiy-kv-cache/models/Qwen3-4B,dynamic,32768,0.1,1,41347629,3270,9," 41347629
Okay, let's see.",405a5f58f5a3baee,41347629,0,1,0.004161687639345423,100.0,8.287777787785444e-05,-8.287777787785444e-05,100.0,31.53569576202426,
/scratch/ws/nashilovskiy-kv-cache/models/Qwen3-4B,dynamic,32768,0.1,2,43908505,3270,9," 43908505
Okay, let's see.",c361aafc703ae8d7,43908505,0,1,0.004867664646351639,100.0,7.337378849570086e-05,-7.337378849570086e-05,100.0,31.526975312968716,
/scratch/ws/nashilovskiy-kv-cache/models/Qwen3-4B,dynamic,32768,0.1,3,48795909,3270,9," 48795909
Okay, let's see.",d708b9ac50d23e0b,48795909,0,1,0.006037090948173803,100.0,8.656752960689573e-05,-8.656752960689573e-05,100.0,31.537550866021775,
/scratch/ws/nashilovskiy-kv-cache/models/Qwen3-4B,dynamic,32768,0.1,4,34333501,3270,9," 34333501
Okay, let's see.",a09c62dc962f70ec,34333501,0,1,0.002241775551333881,100.0,8.058356183937576e-05,-8.058356183937576e-05,100.0,31.486902215052396,
/scratch/ws/nashilovskiy-kv-cache/models/Qwen3-4B,dynamic,32768,0.5,0,15892703,16351,9," 15892703
Okay, let's see.",753af159a22ffd5f,15892703,0,1,0.011227034611591889,100.0,0.00010839262949957629,-0.00010839262949957629,100.0,31.527371648000553,
/scratch/ws/nashilovskiy-kv-cache/models/Qwen3-4B,dynamic,32768,0.5,1,10508216,16351,9," 10508216
Okay, let's see.",28ef3de3fe080558,10508216,0,1,0.006612281043140279,100.0,8.467356354913136e-05,-8.467356354913136e-05,100.0,31.490535292075947,
/scratch/ws/nashilovskiy-kv-cache/models/Qwen3-4B,dynamic,32768,0.5,2,61758584,16351,9," 61758584
Okay, let's see.",0e8042f8798c4bbf,61758584,0,1,0.0060510459728296455,100.0,8.749522498874285e-05,-8.749522498874285e-05,100.0,31.483982546022162,
/scratch/ws/nashilovskiy-kv-cache/models/Qwen3-4B,dynamic,32768,0.5,3,77269506,16351,9," 77269506
Okay, let's see.",7e219fd4c491bed0,77269506,0,1,0.015127757784284768,100.0,9.381353470416798e-05,-9.381353470416798e-05,100.0,31.482295930036344,
/scratch/ws/nashilovskiy-kv-cache/models/Qwen3-4B,dynamic,32768,0.5,4,92544732,16351,9," 92544732
Okay, let's see.",a990d0ac3daa42c7,92544732,0,1,0.006231306931289914,100.0,6.579349664548317e-05,-6.579349664548317e-05,100.0,31.517226784024388,
/scratch/ws/nashilovskiy-kv-cache/models/Qwen3-4B,dynamic,32768,0.9,0,15486288,29432,9," 15486288
Okay, let me try to",d6c5c4ba12708f9e,15486288,0,1,0.007426716586905968,100.0,9.212851631446028e-05,-9.212851631446028e-05,100.0,31.534792555961758,
/scratch/ws/nashilovskiy-kv-cache/models/Qwen3-4B,dynamic,32768,0.9,1,99436619,29432,9," 99436619
Okay, let me try to",db27d9ff88a5ff51,99436619,0,1,0.008788598490203489,100.0,9.710108389526795e-05,-9.710108389526795e-05,100.0,31.557050962001085,
/scratch/ws/nashilovskiy-kv-cache/models/Qwen3-4B,dynamic,32768,0.9,2,65406626,29432,9," 65406626
Okay, let's see.",9566247b2de1dec0,65406626,0,1,0.010302305199350789,100.0,6.360278760553228e-05,-6.360278760553228e-05,100.0,31.509391286992468,
/scratch/ws/nashilovskiy-kv-cache/models/Qwen3-4B,dynamic,32768,0.9,3,16200463,29432,9," 16200463
Okay, let me try to",dece1419c5d4ac44,16200463,0,1,0.009108481195097638,100.0,7.575923933700324e-05,-7.575923933700324e-05,100.0,31.54380281001795,
/scratch/ws/nashilovskiy-kv-cache/models/Qwen3-4B,dynamic,32768,0.9,4,29503342,29432,9," 29503342
Okay, let's see.",24a8e2b6828874f9,29503342,0,1,0.006152062323457762,100.0,6.708730768423266e-05,-6.708730768423266e-05,100.0,31.51420825801324,
/scratch/ws/nashilovskiy-kv-cache/models/Qwen3-4B,int4,8192,0.1,0,88034731,813,9," 88034731
Okay,8803",0d34717023d70d18,88034731,0,1,0.003707787029131598,100.0,6.163516884782894e-05,-6.163516884782894e-05,100.0,8.30114111606963,
/scratch/ws/nashilovskiy-kv-cache/models/Qwen3-4B,int4,8192,0.1,1,57634864,813,9," 57634864
Wait, the user said the",20d226842edddeca,57634864,0,1,0.05798788743335434,100.0,0.05917089202014836,-0.05917089202014836,100.0,8.207304346957244,
/scratch/ws/nashilovskiy-kv-cache/models/Qwen3-4B,int4,8192,0.1,2,85874784,813,9," 85874784
Okay, so I need to",cda051cb5e385fb6,85874784,0,1,0.0037204066047391076,100.0,5.5574528424529035e-05,-5.5574528424529035e-05,100.0,8.110595245962031,
/scratch/ws/nashilovskiy-kv-cache/models/Qwen3-4B,int4,8192,0.1,3,90180242,813,9," 90180242
Okay,9018",0a03e9d990885a73,90180242,0,1,0.0035613474210423293,100.0,6.208534840368429e-05,-6.208534840368429e-05,100.0,8.191464702016674,
/scratch/ws/nashilovskiy-kv-cache/models/Qwen3-4B,int4,8192,0.1,4,51010272,813,9," 51010272
Wait
Okay101",bc105ffec0453d5f,51010272,0,1,0.16020950209935514,100.0,0.1755073265005649,-0.1755073265005649,100.0,8.1304249180248,
/scratch/ws/nashilovskiy-kv-cache/models/Qwen3-4B,int4,8192,0.5,0,60276079,4063,9," 60276079
Okay,6027",d29bc5bb45dea1b2,60276079,0,1,0.004160084434425294,100.0,7.18396433541102e-05,-7.18396433541102e-05,100.0,8.146800396032631,
/scratch/ws/nashilovskiy-kv-cache/models/Qwen3-4B,int4,8192,0.5,1,27807918,4063,9," 27807918


Okay, let me",d9990ec9adfecd76,27807918,0,1,0.009040541876376866,100.0,0.0020818737473575766,-0.0020818737473575766,100.0,8.167888774070889,
/scratch/ws/nashilovskiy-kv-cache/models/Qwen3-4B,int4,8192,0.5,2,28872857,4063,9," 28872857
Okay, so I need to",92d59ac4d2445e22,28872857,0,1,0.002945496980348455,100.0,4.904853440734769e-05,-4.904853440734769e-05,100.0,8.124421662068926,
/scratch/ws/nashilovskiy-kv-cache/models/Qwen3-4B,int4,8192,0.5,3,22100565,4063,9," 22100565
Okay,2210",b4a2c7a5efb7cf82,22100565,0,1,0.0035083908859026756,100.0,8.099133407313275e-05,-8.099133407313275e-05,100.0,8.153182773967274,
/scratch/ws/nashilovskiy-kv-cache/models/Qwen3-4B,int4,8192,0.5,4,20708893,4063,9," 20708893
Wait
Okay
20",21ec1a1fb682fdb6,20708893,0,1,0.05640244612489672,100.0,0.0595236267454311,-0.0595236267454311,100.0,8.141231318935752,
/scratch/ws/nashilovskiy-kv-cache/models/Qwen3-4B,int4,8192,0.9,0,74556207,7313,9," 74556207
Wait,7455",7797afcce1ca3489,74556207,0,1,0.012817488455791844,100.0,0.005178465147338329,-0.005178465147338329,100.0,8.259101495961659,
/scratch/ws/nashilovskiy-kv-cache/models/Qwen3-4B,int4,8192,0.9,1,64582031,7313,9," 64582031


Okay, I need",8bd8faae6685f0be,64582031,0,1,0.004684177659884072,100.0,7.842355176990168e-05,-7.842355176990168e-05,100.0,8.145644266041927,
/scratch/ws/nashilovskiy-kv-cache/models/Qwen3-4B,int4,8192,0.9,2,64260655,7313,9," 64260055
Wait, the answer I provided",ad2cd3e213fc965f,64260055,0,0,0.18732573716624756,88.88888888888889,0.20531269260254703,-0.20531269260254703,87.5,8.13115337502677,
/scratch/ws/nashilovskiy-kv-cache/models/Qwen3-4B,int4,8192,0.9,3,99959519,7313,9," 99959519
Okay,9995",1fd02bc7eede74e9,99959519,0,1,0.004347192229513692,100.0,4.249380717169515e-05,-4.249380717169515e-05,100.0,8.174898123950697,
/scratch/ws/nashilovskiy-kv-cache/models/Qwen3-4B,int4,8192,0.9,4,57909790,7313,9," 57909790
Okay79097",699291480a262c31,57909790,0,1,0.004308022019409287,100.0,6.326367014253265e-05,-6.326367014253265e-05,100.0,8.17851466301363,
/scratch/ws/nashilovskiy-kv-cache/models/Qwen3-4B,int4,16384,0.1,0,40718164,1632,9," 40718164

The secret access71",4c3d5a69b28ece58,40718164,0,1,0.012460963461494303,100.0,9.29169733403512e-05,-9.29169733403512e-05,100.0,17.087101245997474,
/scratch/ws/nashilovskiy-kv-cache/models/Qwen3-4B,int4,16384,0.1,1,54888454,1632,9," 54888454
Wait, the important memory record",9c979b3e5aef90bc,54888454,0,1,0.015748032800502187,100.0,0.00486155380176001,-0.00486155380176001,100.0,17.07039042201359,
/scratch/ws/nashilovskiy-kv-cache/models/Qwen3-4B,int4,16384,0.1,2,52225380,1632,9," 52225380
The secret access code is ",0f9e18cda3d1db8c,52225380,0,1,0.006633345449270362,100.0,0.0001228572774323311,-0.0001228572774323311,100.0,17.054834245005623,
/scratch/ws/nashilovskiy-kv-cache/models/Qwen3-4B,int4,16384,0.1,3,12597033,1632,9," 12597033
Wait
Okay
12",c7f65bc5573dee57,12597033,0,1,0.007070050557053441,100.0,0.0007640985804755474,-0.0007640985804755474,100.0,17.176270416006446,
/scratch/ws/nashilovskiy-kv-cache/models/Qwen3-4B,int4,16384,0.1,4,12324688,1632,9," 12324688
The secret is that the secret",cc2153c905b4e024,12324688,0,1,0.00919881799038396,100.0,0.00019167462232871912,-0.00019167462232871912,100.0,17.072332607000135,
/scratch/ws/nashilovskiy-kv-cache/models/Qwen3-4B,int4,16384,0.5,0,65754787,8159,9," 65754787
``` 

The secret access access",1f38cc1174d2b8c8,65754787,0,1,0.010447041519657634,100.0,5.7911122041787166e-05,-5.7911122041787166e-05,100.0,17.070634341915138,
/scratch/ws/nashilovskiy-kv-cache/models/Qwen3-4B,int4,16384,0.5,1,46124274,8159,9," 46124274
The secret access020",4956534127248825,46124274,0,1,0.005673420582348222,100.0,0.00013169281646696618,-0.00013169281646696618,100.0,17.09109272598289,
/scratch/ws/nashilovskiy-kv-cache/models/Qwen3-4B,int4,16384,0.5,2,21356289,8159,9," 21356289
The secret access code is ",6f23bd7e464aaf38,21356289,0,1,0.003904373879436207,100.0,4.7737939510739125e-05,-4.7737939510739125e-05,100.0,17.103131155017763,
/scratch/ws/nashilovskiy-kv-cache/models/Qwen3-4B,int4,16384,0.5,3,41071757,8159,9," 41071757
Okay,4107",6746fadf19186c42,41071757,0,1,0.007604083935689232,100.0,0.0002082156243972122,-0.0002082156243972122,100.0,17.12021238100715,
/scratch/ws/nashilovskiy-kv-cache/models/Qwen3-4B,int4,16384,0.5,4,96366794,8159,9," 96366794
The secret answer is 9",5b110dffd1021a0e,96366794,0,1,0.0046745865427561106,100.0,8.170070682922415e-05,-8.170070682922415e-05,100.0,17.111173348966986,
/scratch/ws/nashilovskiy-kv-cache/models/Qwen3-4B,int4,16384,0.9,0,13651996,14686,9," 13651996
Wait
Wait
 1",61e4c3ae68a3a6ca,13651996,0,1,0.09297861951805923,100.0,0.09421321151648954,-0.09421321151648954,100.0,17.056674094987102,
/scratch/ws/nashilovskiy-kv-cache/models/Qwen3-4B,int4,16384,0.9,1,24757232,14686,9," 24757232
Okay,2475",9a47b183b65b941d,24757232,0,1,0.006045158845861604,100.0,9.068695010228112e-05,-9.068695010228112e-05,100.0,17.112670536967926,
/scratch/ws/nashilovskiy-kv-cache/models/Qwen3-4B,int4,16384,0.9,2,22973062,14686,9," 22973062
Okay, I need need to",d9e559ec528ebd55,22973062,0,1,0.003945459296573972,100.0,9.865103692163757e-05,-9.865103692163757e-05,100.0,17.150885846931487,
/scratch/ws/nashilovskiy-kv-cache/models/Qwen3-4B,int4,16384,0.9,3,45533777,14686,9," 45533777
Okay, so I need to",c678bbbcd52e717c,45533777,0,1,0.004182604424790447,100.0,0.00010663919817943679,-0.00010663919817943679,100.0,17.2674871860072,
/scratch/ws/nashilovskiy-kv-cache/models/Qwen3-4B,int4,16384,0.9,4,34581912,14686,9," 34581912
The secret access of the code",31ca7f9e4857338b,34581912,0,1,0.00323588729506557,100.0,5.753777666939186e-05,-5.753777666939186e-05,100.0,17.04826661106199,
/scratch/ws/nashilovskiy-kv-cache/models/Qwen3-4B,int4,32768,0.1,0,59630190,3270,9," 59630190
Wait, the code I wrote",599559969db4e95c,59630190,0,1,0.035150450760031364,100.0,0.034424219050151805,-0.034424219050151805,100.0,43.6970735930372,
/scratch/ws/nashilovskiy-kv-cache/models/Qwen3-4B,int4,32768,0.1,1,41347629,3270,9," 41347629
Okay, let me check the",a74e6065edbcb57f,41347629,0,1,0.004118666216337867,100.0,3.447867699435392e-05,-3.447867699435392e-05,100.0,43.642487069941126,
/scratch/ws/nashilovskiy-kv-cache/models/Qwen3-4B,int4,32768,0.1,2,43908505,3270,9," 43908505
Wait, the user said the",1bf0f4fc3996eaf9,43908505,0,1,0.004822230999786193,100.0,2.2260936109574914e-05,-2.2260936109574914e-05,100.0,43.71399101102725,
/scratch/ws/nashilovskiy-kv-cache/models/Qwen3-4B,int4,32768,0.1,3,48795909,3270,9," 48795909
Okay
Okay, let's",c8931045e8caa25e,48795909,0,1,0.006029584593458519,100.0,7.812288055220051e-05,-7.812288055220051e-05,100.0,43.63837755401619,
/scratch/ws/nashilovskiy-kv-cache/models/Qwen3-4B,int4,32768,0.1,4,34333501,3270,9," 34333501
The secret access code is ",ad2dcbd2d0325d64,34333501,0,1,0.002222696601645819,100.0,5.911974344030568e-05,-5.911974344030568e-05,100.0,43.66124731407035,
/scratch/ws/nashilovskiy-kv-cache/models/Qwen3-4B,int4,32768,0.5,0,15892703,16351,9," 15892703
Wait, the user said the",e689d3b077bbebb3,15892703,0,1,0.11686412645193893,100.0,0.11895012094988999,-0.11895012094988999,100.0,43.61418903595768,
/scratch/ws/nashilovskiy-kv-cache/models/Qwen3-4B,int4,32768,0.5,1,10508216,16351,9," 10508216
Okay, I need to find",461521f5b1d160ad,10508216,0,1,0.006583437978886448,100.0,5.222511626357118e-05,-5.222511626357118e-05,100.0,43.691885435022414,
/scratch/ws/nashilovskiy-kv-cache/models/Qwen3-4B,int4,32768,0.5,2,61758584,16351,9," 61758584
Wait, the code was ",ac5d0e3c4d6183a9,61758584,0,1,0.006438333024359761,100.0,0.0005231931579601223,-0.0005231931579601223,100.0,43.645255465991795,
/scratch/ws/nashilovskiy-kv-cache/models/Qwen3-4B,int4,32768,0.5,3,77269506,16351,9," 77269506
`` secret access code is ",877d2f24555143a9,77269506,0,1,0.015137821014731243,100.0,0.00010513466895645251,-0.00010513466895645251,100.0,43.55027570202947,
/scratch/ws/nashilovskiy-kv-cache/models/Qwen3-4B,int4,32768,0.5,4,92544732,16351,9," 92544732
The secret access code is ",b49b0af611b21e26,92544732,0,1,0.006217601281163197,100.0,5.037464025292593e-05,-5.037464025292593e-05,100.0,43.640733169042505,
/scratch/ws/nashilovskiy-kv-cache/models/Qwen3-4B,int4,32768,0.9,0,15486288,29432,9," 15486288
Wait, I need need1",5d796ddca5cdd384,15486288,0,1,0.08383458886111031,100.0,0.08605098482479434,-0.08605098482479434,100.0,43.61274771997705,
/scratch/ws/nashilovskiy-kv-cache/models/Qwen3-4B,int4,32768,0.9,1,99436619,29432,9," 99436619
``

9943",b68c8810ef26efa5,99436619,0,1,0.008756239615031013,100.0,6.069734932623305e-05,-6.069734932623305e-05,100.0,43.60621448489837,
/scratch/ws/nashilovskiy-kv-cache/models/Qwen3-4B,int4,32768,0.9,2,65406626,29432,9," 65406626
Wait, the user said the",6ae8c75aa437eee3,65406626,0,1,0.010433366854057467,100.0,0.000211047149150545,-0.000211047149150545,100.0,43.63347490504384,
/scratch/ws/nashilovskiy-kv-cache/models/Qwen3-4B,int4,32768,0.9,3,16200463,29432,9," 16200463
``` 

The secret access code",2b089e1cb6060ae6,16200463,0,1,0.009090685024703917,100.0,5.5738547644068603e-05,-5.5738547644068603e-05,100.0,43.68736711097881,
/scratch/ws/nashilovskiy-kv-cache/models/Qwen3-4B,int4,32768,0.9,4,29503342,29432,9," 29503342






",1d24ad1689c6a118,29503342,1,1,0.006131048676959633,100.0,4.3446955373838136e-05,-4.3446955373838136e-05,100.0,43.67942287400365,
/scratch/ws/nashilovskiy-kv-cache/models/Qwen3-4B,int2,8192,0.1,0,88034731,813,9," 8377786

083:34",5291e705ae7b3696,83777860,0,0,2.2429727224322655,44.44444444444444,2.5192346874973737,-2.5192346874973737,37.5,8.486231475952081,
/scratch/ws/nashilovskiy-kv-cache/models/Qwen3-4B,int2,8192,0.1,1,57634864,813,9," 5
57 5
77 6376 ",1211381a84c2542f,55757763,0,0,1.8462088303123083,44.44444444444444,2.0709194527589716,-2.0709194527589716,37.5,8.481994523084722,
/scratch/ws/nashilovskiy-kv-cache/models/Qwen3-4B,int2,8192,0.1,2,85874784,813,9, 888574799575458,56856ef8e9281206,88857479,0,0,0.9552415265805192,66.66666666666667,1.070516834501177,-1.070516834501177,62.5,8.482992968987674,
/scratch/ws/nashilovskiy-kv-cache/models/Qwen3-4B,int2,8192,0.1,3,90180242,813,9, 901808199018881,4ad3c544093038df,90180819,0,0,1.6599504347217993,66.66666666666667,1.8634998085617553,-1.8634998085617553,62.5,8.463460598955862,
/scratch/ws/nashilovskiy-kv-cache/models/Qwen3-4B,int2,8192,0.1,4,51010272,813,9," 513
The10


:510
",e7f905c9db6165b7,51310510,0,0,2.3495441411052727,33.333333333333336,2.638508795382222,-2.638508795382222,25.0,8.446691286982968,
/scratch/ws/nashilovskiy-kv-cache/models/Qwen3-4B,int2,8192,0.5,0,60276079,4063,9," 00222

The502005 ",cc3630c1a68c409d,00222502,0,0,2.2340817064978182,33.333333333333336,2.508733664464671,-2.508733664464671,25.0,8.477247287053615,
/scratch/ws/nashilovskiy-kv-cache/models/Qwen3-4B,int2,8192,0.5,1,27807918,4063,9," 22183721
222988",c26908fea25fbce7,22183721,0,0,1.9582109447154734,33.333333333333336,2.194898576941341,-2.194898576941341,25.0,8.443823804031126,
/scratch/ws/nashilovskiy-kv-cache/models/Qwen3-4B,int2,8192,0.5,2,28872857,4063,9," 2818



The200573",5457d5c37bb3aacc,28182005,0,0,2.574587288623055,33.333333333333336,2.893146064132452,-2.893146064132452,25.0,8.545905407052487,
/scratch/ws/nashilovskiy-kv-cache/models/Qwen3-4B,int2,8192,0.5,3,22100565,4063,9," 22158
211205161",40997ebc6bddba4c,22158211,0,0,1.677820166391838,44.44444444444444,1.8836817387782503,-1.8836817387782503,37.5,8.446815964998677,
/scratch/ws/nashilovskiy-kv-cache/models/Qwen3-4B,int2,8192,0.5,4,20708893,4063,9," 2
Answer
9
9


0000
",5dd2b9bf14e2c856,2990000,0,0,1.7524534287189857,44.44444444444444,1.9675809821637813,-1.9675809821637813,37.5,8.394412330933847,
/scratch/ws/nashilovskiy-kv-cache/models/Qwen3-4B,int2,8192,0.9,0,74556207,7313,9," 74555672
74514 ",89a338e25495fee6,74555672,0,0,1.415611845208332,66.66666666666667,1.583322116493946,-1.583322116493946,62.5,8.458975289948285,
/scratch/ws/nashilovskiy-kv-cache/models/Qwen3-4B,int2,8192,0.9,1,64582031,7313,9, 98452345 2225 2,7548b24db7f11339,98452345,0,0,1.8887274075402982,44.44444444444444,2.1196270571672358,-2.1196270571672358,37.5,8.515695712063462,
/scratch/ws/nashilovskiy-kv-cache/models/Qwen3-4B,int2,8192,0.9,2,64260655,7313,9," 642
0. 24. 990.",ea0060b0af5cba10,64202499,0,0,2.4376808973029256,44.44444444444444,2.73696224775631,-2.73696224775631,37.5,8.510433795046993,
/scratch/ws/nashilovskiy-kv-cache/models/Qwen3-4B,int2,8192,0.9,3,99959519,7313,9," 99928

999959 9",471fa11b0dcc6d0d,99928999,0,0,1.4664240390476253,44.44444444444444,1.6448789464775473,-1.6448789464775473,37.5,8.447999399970286,
/scratch/ws/nashilovskiy-kv-cache/models/Qwen3-4B,int2,8192,0.9,4,57909790,7313,9," 5: The
Archive: 9:5:97: ",2964c0fc204f96c9,59597,0,0,1.90311437449418,55.55555555555556,2.1362204102042597,-2.1362204102042597,50.0,8.431910715065897,
/scratch/ws/nashilovskiy-kv-cache/models/Qwen3-4B,int2,16384,0.1,0,40718164,1632,9," 










The 8:",7302d825262b1ea8,8,0,0,5.2936666500237255,11.11111111111111,5.94144931435585,-5.94144931435585,0.0,18.14737698994577,
/scratch/ws/nashilovskiy-kv-cache/models/Qwen3-4B,int2,16384,0.1,1,54888454,1632,9,  54. 83. The.54. secret was,de21310c5b32b03f,548354,0,0,3.702345716456572,55.55555555555556,4.152283947914839,-4.152283947914839,50.0,18.071179820923135,
/scratch/ws/nashilovskiy-kv-cache/models/Qwen3-4B,int2,16384,0.1,2,52225380,1632,9,"  the

: The
0. The 17. the5",2d43fb8dfcea66a7,0175,0,0,3.8075359331236944,33.333333333333336,4.2761382684111595,-4.2761382684111595,25.0,18.029775534989312,
/scratch/ws/nashilovskiy-kv-cache/models/Qwen3-4B,int2,16384,0.1,3,12597033,1632,9,"  19




2



19",1758d46a7165fcdc,19219,0,0,1.8221481264465385,33.333333333333336,2.0427269339561462,-2.0427269339561462,25.0,18.143774850992486,
/scratch/ws/nashilovskiy-kv-cache/models/Qwen3-4B,int2,16384,0.1,4,12324688,1632,9," 123
7
9




288",6a1f340cb30edb21,12379288,0,0,2.7670033525985978,55.55555555555556,3.102721776056569,-3.102721776056569,50.0,17.998158087953925,
/scratch/ws/nashilovskiy-kv-cache/models/Qwen3-4B,int2,16384,0.5,0,65754787,8159,9,"  55







The
: is",8aa84036d9b2aff7,55,0,0,3.0955872386693954,11.11111111111111,3.470840632915497,-3.470840632915497,0.0,18.103992710937746,
/scratch/ws/nashilovskiy-kv-cache/models/Qwen3-4B,int2,16384,0.5,1,46124274,8159,9,"  661
 ::461
: the5",3d2efb2d72d6e984,6614615,0,0,4.96334948700193,33.333333333333336,5.5775172675384965,-5.5775172675384965,25.0,18.053260779939592,
/scratch/ws/nashilovskiy-kv-cache/models/Qwen3-4B,int2,16384,0.5,2,21356289,8159,9,"  29: 
2
021: the2.",c9741e6c6d6e2963,2920212,0,0,6.214628335088491,11.11111111111111,6.987112194299698,-6.987112194299698,0.0,18.046530202031136,
/scratch/ws/nashilovskiy-kv-cache/models/Qwen3-4B,int2,16384,0.5,3,41071757,8159,9," 314






41
94",419dfdd294bf6d0f,3144194,0,0,5.226545355877736,22.22222222222222,5.871517146559199,-5.871517146559199,12.5,18.107177302939817,
/scratch/ws/nashilovskiy-kv-cache/models/Qwen3-4B,int2,16384,0.5,4,96366794,8159,9," 96

96



96
67",dece2b7d4c8ecfa2,96969667,0,0,3.858204308845517,33.333333333333336,4.335302638297435,-4.335302638297435,25.0,18.012252317974344,
/scratch/ws/nashilovskiy-kv-cache/models/Qwen3-4B,int2,16384,0.9,0,13651996,14686,9,"  the 136






191",b21f9426ba5db453,136191,0,0,2.6520247225804874,44.44444444444444,2.9731400774617214,-2.9731400774617214,37.5,18.046254934044555,
/scratch/ws/nashilovskiy-kv-cache/models/Qwen3-4B,int2,16384,0.9,1,24757232,14686,9,"  257

: the code 24: routine ",01dedddfc73d3d93,25724,0,0,3.603282862653335,33.333333333333336,4.04698310373351,-4.04698310373351,25.0,18.060280481004156,
/scratch/ws/nashilovskiy-kv-cache/models/Qwen3-4B,int2,16384,0.9,2,22973062,14686,9," 82. The
:
. Theashing the the 3.",cb69ef4fa0a7466d,823,0,0,4.9402642661912575,22.22222222222222,5.5534573087934405,-5.5534573087934405,12.5,18.054809679975733,
/scratch/ws/nashilovskiy-kv-cache/models/Qwen3-4B,int2,16384,0.9,3,45533777,14686,9,"  455


5553
455",fb62b517a25ffce8,45555534,0,0,3.641511706141399,33.333333333333336,4.092101878629364,-4.092101878629364,25.0,18.116934768971987,
/scratch/ws/nashilovskiy-kv-cache/models/Qwen3-4B,int2,16384,0.9,4,34581912,14686,9," 345
385


3
588",8846b5fbdaff12ce,34538535,0,0,3.8079557074557266,44.44444444444444,4.280367335457413,-4.280367335457413,37.5,18.036441516014747,
/scratch/ws/nashilovskiy-kv-cache/models/Qwen3-4B,int2,32768,0.1,0,59630190,3270,9, 559990577837333,4f490eebcf555a0c,55999057,0,0,5.779868826942725,22.22222222222222,6.4972323922556825,-6.4972323922556825,12.5,45.16288869502023,
/scratch/ws/nashilovskiy-kv-cache/models/Qwen3-4B,int2,32768,0.1,1,41347629,3270,9," 4
 code




 code





",e6cad640e527de8b,4,0,0,5.046726704256596,22.22222222222222,5.672968521472285,-5.672968521472285,12.5,45.219397748005576,
/scratch/ws/nashilovskiy-kv-cache/models/Qwen3-4B,int2,32768,0.1,2,43908505,3270,9," 421000 003:



",c1d5e6463460f3ac,42100000,0,0,2.8520570158854954,22.22222222222222,3.2031613939325325,-3.2031613939325325,12.5,45.19243344804272,
/scratch/ws/nashilovskiy-kv-cache/models/Qwen3-4B,int2,32768,0.1,3,48795909,3270,9," 4

33797776ashing667",c2ec0a4dbffa87d0,43379777,0,0,2.0440626181662083,33.333333333333336,2.2928652856498957,-2.2928652856498957,25.0,45.21910330792889,
/scratch/ws/nashilovskiy-kv-cache/models/Qwen3-4B,int2,32768,0.1,4,34333501,3270,9, 313196333344333,1042d4677ed4676c,31319633,0,0,3.2800728796670833,33.333333333333336,3.6876405756920576,-3.6876405756920576,25.0,45.16862353798933,
/scratch/ws/nashilovskiy-kv-cache/models/Qwen3-4B,int2,32768,0.5,0,15892703,16351,9," 1 19933
4772333",bf08eeda87b24c8c,11993347,0,0,2.8375641311415367,44.44444444444444,3.1797376262256876,-3.1797376262256876,37.5,45.24851834389847,
/scratch/ws/nashilovskiy-kv-cache/models/Qwen3-4B,int2,32768,0.5,1,10508216,16351,9," 1






ity33
: careful ",85f96d1f554b0a9d,133,0,0,3.3267669915997735,33.333333333333336,3.7352587229397614,-3.7352587229397614,25.0,45.294453616952524,
/scratch/ws/nashilovskiy-kv-cache/models/Qwen3-4B,int2,32768,0.5,2,61758584,16351,9, 605555333333353,71076523eae64f9c,60555533,0,0,1.7074118620043413,44.44444444444444,1.9141184132604394,-1.9141184132604394,37.5,45.272772239055485,
/scratch/ws/nashilovskiy-kv-cache/models/Qwen3-4B,int2,32768,0.5,3,77269506,16351,9," 7:
:: The77777
. to to",80b86ae8a674264f,777777,0,0,2.927557655506664,22.22222222222222,3.2765774484723806,-3.2765774484723806,12.5,45.37291368399747,
/scratch/ws/nashilovskiy-kv-cache/models/Qwen3-4B,int2,32768,0.5,4,92544732,16351,9," 

1


7667220
 from",dbc0841f893a5999,17667220,0,0,2.8992651514708996,11.11111111111111,3.2547288686037064,-3.2547288686037064,0.0,45.28540428809356,
/scratch/ws/nashilovskiy-kv-cache/models/Qwen3-4B,int2,32768,0.9,0,15486288,29432,9," 1501

 148263
6",ebd6d88e8af07662,15011482,0,0,2.0007229579560875,33.333333333333336,2.2425504000566434,-2.2425504000566434,25.0,45.26900695892982,
/scratch/ws/nashilovskiy-kv-cache/models/Qwen3-4B,int2,32768,0.9,1,99436619,29432,9, 99999939976..76,aeaca8452de654d8,99999939,0,0,2.209541284789642,55.55555555555556,2.4759438731707633,-2.4759438731707633,50.0,45.289723007939756,
/scratch/ws/nashilovskiy-kv-cache/models/Qwen3-4B,int2,32768,0.9,2,65406626,29432,9," 6094677

7437789",94cef5bd2f03f71c,60946777,0,0,1.8282504541178544,44.44444444444444,2.045255270320922,-2.045255270320922,37.5,45.311246418976225,
/scratch/ws/nashilovskiy-kv-cache/models/Qwen3-4B,int2,32768,0.9,3,16200463,29432,9," 1: :
 11124.
77",d6f23f5956883018,11112477,0,0,2.942684333357546,33.333333333333336,3.3003485929220915,-3.3003485929220915,25.0,45.35110865405295,
/scratch/ws/nashilovskiy-kv-cache/models/Qwen3-4B,int2,32768,0.9,4,29503342,29432,9," 





0
3333333",a4cacca20a0a7c84,03333333,0,0,3.897571471002367,22.22222222222222,4.377913922071457,-4.377913922071457,12.5,45.21323969995137,
