model,gpu,gpu_capability,torch_version,torch_cuda,transformers_version,python_version,hostname,slurm_job_id,git_commit,context_len,mode,phase,repeat,generated_tokens,elapsed_sec,e2e_tok_s,peak_allocated_gib,peak_reserved_gib,output_hash,same_as_dynamic,dynamo_unique_graphs,dynamo_calls_captured,error
/scratch/ws/nashilovskiy-kv-cache/models/Qwen3-0.6B,Tesla V100-SXM2-32GB,"(7, 0)",2.14.0+cu126,12.6,5.17.0,3.11.16,cn-005,4353387,7476ba1db0eafda4b06ff2e848bc66494e8b9ad6,2048,dynamic_eager,warmup,0,64,2.169521661940962,29.49959021969037,1.388749122619629,1.5,2a09e4e68e5577b1,,0,0,
/scratch/ws/nashilovskiy-kv-cache/models/Qwen3-0.6B,Tesla V100-SXM2-32GB,"(7, 0)",2.14.0+cu126,12.6,5.17.0,3.11.16,cn-005,4353387,7476ba1db0eafda4b06ff2e848bc66494e8b9ad6,2048,dynamic_eager,measure,0,64,2.1646689779590815,29.565721434388195,1.388749122619629,1.5,2a09e4e68e5577b1,True,0,0,
/scratch/ws/nashilovskiy-kv-cache/models/Qwen3-0.6B,Tesla V100-SXM2-32GB,"(7, 0)",2.14.0+cu126,12.6,5.17.0,3.11.16,cn-005,4353387,7476ba1db0eafda4b06ff2e848bc66494e8b9ad6,2048,dynamic_eager,measure,1,64,2.1436099590500817,29.856177766761697,1.388749122619629,1.5,2a09e4e68e5577b1,True,0,0,
/scratch/ws/nashilovskiy-kv-cache/models/Qwen3-0.6B,Tesla V100-SXM2-32GB,"(7, 0)",2.14.0+cu126,12.6,5.17.0,3.11.16,cn-005,4353387,7476ba1db0eafda4b06ff2e848bc66494e8b9ad6,2048,dynamic_eager,measure,2,64,2.1567871420411393,29.673767407307384,1.388749122619629,1.5,2a09e4e68e5577b1,True,0,0,
/scratch/ws/nashilovskiy-kv-cache/models/Qwen3-0.6B,Tesla V100-SXM2-32GB,"(7, 0)",2.14.0+cu126,12.6,5.17.0,3.11.16,cn-005,4353387,7476ba1db0eafda4b06ff2e848bc66494e8b9ad6,2048,dynamic_eager,measure,3,64,2.136896232026629,29.949980275505702,1.388749122619629,1.5,2a09e4e68e5577b1,True,0,0,
/scratch/ws/nashilovskiy-kv-cache/models/Qwen3-0.6B,Tesla V100-SXM2-32GB,"(7, 0)",2.14.0+cu126,12.6,5.17.0,3.11.16,cn-005,4353387,7476ba1db0eafda4b06ff2e848bc66494e8b9ad6,2048,dynamic_eager,measure,4,64,2.1435910739237443,29.856440800927093,1.388749122619629,1.5,2a09e4e68e5577b1,True,0,0,
/scratch/ws/nashilovskiy-kv-cache/models/Qwen3-0.6B,Tesla V100-SXM2-32GB,"(7, 0)",2.14.0+cu126,12.6,5.17.0,3.11.16,cn-005,4353387,7476ba1db0eafda4b06ff2e848bc66494e8b9ad6,2048,static_eager,warmup,0,64,2.8459015070693567,22.48848030791681,1.395491600036621,1.5390625,2a09e4e68e5577b1,True,0,0,
/scratch/ws/nashilovskiy-kv-cache/models/Qwen3-0.6B,Tesla V100-SXM2-32GB,"(7, 0)",2.14.0+cu126,12.6,5.17.0,3.11.16,cn-005,4353387,7476ba1db0eafda4b06ff2e848bc66494e8b9ad6,2048,static_eager,measure,0,64,2.472101039951667,25.888909460291025,1.395491600036621,1.5390625,2a09e4e68e5577b1,True,0,0,
/scratch/ws/nashilovskiy-kv-cache/models/Qwen3-0.6B,Tesla V100-SXM2-32GB,"(7, 0)",2.14.0+cu126,12.6,5.17.0,3.11.16,cn-005,4353387,7476ba1db0eafda4b06ff2e848bc66494e8b9ad6,2048,static_eager,measure,1,64,2.471191940945573,25.898433439982462,1.395491600036621,1.5390625,2a09e4e68e5577b1,True,0,0,
/scratch/ws/nashilovskiy-kv-cache/models/Qwen3-0.6B,Tesla V100-SXM2-32GB,"(7, 0)",2.14.0+cu126,12.6,5.17.0,3.11.16,cn-005,4353387,7476ba1db0eafda4b06ff2e848bc66494e8b9ad6,2048,static_eager,measure,2,64,2.472444716026075,25.88531083633946,1.395491600036621,1.5390625,2a09e4e68e5577b1,True,0,0,
/scratch/ws/nashilovskiy-kv-cache/models/Qwen3-0.6B,Tesla V100-SXM2-32GB,"(7, 0)",2.14.0+cu126,12.6,5.17.0,3.11.16,cn-005,4353387,7476ba1db0eafda4b06ff2e848bc66494e8b9ad6,2048,static_eager,measure,3,64,2.4719786050263792,25.890191715197727,1.395491600036621,1.5390625,2a09e4e68e5577b1,True,0,0,
/scratch/ws/nashilovskiy-kv-cache/models/Qwen3-0.6B,Tesla V100-SXM2-32GB,"(7, 0)",2.14.0+cu126,12.6,5.17.0,3.11.16,cn-005,4353387,7476ba1db0eafda4b06ff2e848bc66494e8b9ad6,2048,static_eager,measure,4,64,2.4698666520416737,25.91233010377118,1.395491600036621,1.5390625,2a09e4e68e5577b1,True,0,0,
/scratch/ws/nashilovskiy-kv-cache/models/Qwen3-0.6B,Tesla V100-SXM2-32GB,"(7, 0)",2.14.0+cu126,12.6,5.17.0,3.11.16,cn-005,4353387,7476ba1db0eafda4b06ff2e848bc66494e8b9ad6,2048,static_compiled,warmup,0,64,89.98187032795977,0.7112543867641024,1.395491600036621,1.5390625,2a09e4e68e5577b1,True,1,2297,
/scratch/ws/nashilovskiy-kv-cache/models/Qwen3-0.6B,Tesla V100-SXM2-32GB,"(7, 0)",2.14.0+cu126,12.6,5.17.0,3.11.16,cn-005,4353387,7476ba1db0eafda4b06ff2e848bc66494e8b9ad6,2048,static_compiled,warmup,1,64,0.8273095350014046,77.35919543087503,1.395491600036621,1.576171875,2a09e4e68e5577b1,True,1,2297,
/scratch/ws/nashilovskiy-kv-cache/models/Qwen3-0.6B,Tesla V100-SXM2-32GB,"(7, 0)",2.14.0+cu126,12.6,5.17.0,3.11.16,cn-005,4353387,7476ba1db0eafda4b06ff2e848bc66494e8b9ad6,2048,static_compiled,warmup,2,64,0.8276533760363236,77.32705725976668,1.395491600036621,1.576171875,2a09e4e68e5577b1,True,1,2297,
/scratch/ws/nashilovskiy-kv-cache/models/Qwen3-0.6B,Tesla V100-SXM2-32GB,"(7, 0)",2.14.0+cu126,12.6,5.17.0,3.11.16,cn-005,4353387,7476ba1db0eafda4b06ff2e848bc66494e8b9ad6,2048,static_compiled,measure,0,64,0.8257213140605018,77.5079907835716,1.395491600036621,1.576171875,2a09e4e68e5577b1,True,1,2297,
/scratch/ws/nashilovskiy-kv-cache/models/Qwen3-0.6B,Tesla V100-SXM2-32GB,"(7, 0)",2.14.0+cu126,12.6,5.17.0,3.11.16,cn-005,4353387,7476ba1db0eafda4b06ff2e848bc66494e8b9ad6,2048,static_compiled,measure,1,64,0.828427997068502,77.25475264775231,1.395491600036621,1.576171875,2a09e4e68e5577b1,True,1,2297,
/scratch/ws/nashilovskiy-kv-cache/models/Qwen3-0.6B,Tesla V100-SXM2-32GB,"(7, 0)",2.14.0+cu126,12.6,5.17.0,3.11.16,cn-005,4353387,7476ba1db0eafda4b06ff2e848bc66494e8b9ad6,2048,static_compiled,measure,2,64,0.8302001999691129,77.08983929705279,1.395491600036621,1.576171875,2a09e4e68e5577b1,True,1,2297,
/scratch/ws/nashilovskiy-kv-cache/models/Qwen3-0.6B,Tesla V100-SXM2-32GB,"(7, 0)",2.14.0+cu126,12.6,5.17.0,3.11.16,cn-005,4353387,7476ba1db0eafda4b06ff2e848bc66494e8b9ad6,2048,static_compiled,measure,3,64,0.8287480720318854,77.22491570096545,1.395491600036621,1.576171875,2a09e4e68e5577b1,True,1,2297,
/scratch/ws/nashilovskiy-kv-cache/models/Qwen3-0.6B,Tesla V100-SXM2-32GB,"(7, 0)",2.14.0+cu126,12.6,5.17.0,3.11.16,cn-005,4353387,7476ba1db0eafda4b06ff2e848bc66494e8b9ad6,2048,static_compiled,measure,4,64,0.8309340929845348,77.02175243541386,1.395491600036621,1.576171875,2a09e4e68e5577b1,True,1,2297,
/scratch/ws/nashilovskiy-kv-cache/models/Qwen3-0.6B,Tesla V100-SXM2-32GB,"(7, 0)",2.14.0+cu126,12.6,5.17.0,3.11.16,cn-005,4353387,7476ba1db0eafda4b06ff2e848bc66494e8b9ad6,8192,dynamic_eager,warmup,0,64,2.483730369945988,25.767692328612853,2.200455665588379,2.6484375,2a09e4e68e5577b1,,1,2297,
/scratch/ws/nashilovskiy-kv-cache/models/Qwen3-0.6B,Tesla V100-SXM2-32GB,"(7, 0)",2.14.0+cu126,12.6,5.17.0,3.11.16,cn-005,4353387,7476ba1db0eafda4b06ff2e848bc66494e8b9ad6,8192,dynamic_eager,measure,0,64,2.4866517710033804,25.73741958817803,2.200455665588379,2.62109375,2a09e4e68e5577b1,True,1,2297,
/scratch/ws/nashilovskiy-kv-cache/models/Qwen3-0.6B,Tesla V100-SXM2-32GB,"(7, 0)",2.14.0+cu126,12.6,5.17.0,3.11.16,cn-005,4353387,7476ba1db0eafda4b06ff2e848bc66494e8b9ad6,8192,dynamic_eager,measure,1,64,2.4828917210688815,25.77639590841605,2.200455665588379,2.62109375,2a09e4e68e5577b1,True,1,2297,
/scratch/ws/nashilovskiy-kv-cache/models/Qwen3-0.6B,Tesla V100-SXM2-32GB,"(7, 0)",2.14.0+cu126,12.6,5.17.0,3.11.16,cn-005,4353387,7476ba1db0eafda4b06ff2e848bc66494e8b9ad6,8192,dynamic_eager,measure,2,64,2.4864162389421836,25.7398576302848,2.200455665588379,2.62109375,2a09e4e68e5577b1,True,1,2297,
/scratch/ws/nashilovskiy-kv-cache/models/Qwen3-0.6B,Tesla V100-SXM2-32GB,"(7, 0)",2.14.0+cu126,12.6,5.17.0,3.11.16,cn-005,4353387,7476ba1db0eafda4b06ff2e848bc66494e8b9ad6,8192,dynamic_eager,measure,3,64,2.4921353629324585,25.680788030988875,2.200455665588379,2.62109375,2a09e4e68e5577b1,True,1,2297,
/scratch/ws/nashilovskiy-kv-cache/models/Qwen3-0.6B,Tesla V100-SXM2-32GB,"(7, 0)",2.14.0+cu126,12.6,5.17.0,3.11.16,cn-005,4353387,7476ba1db0eafda4b06ff2e848bc66494e8b9ad6,8192,dynamic_eager,measure,4,64,2.4831240059575066,25.773984644524926,2.200455665588379,2.62109375,2a09e4e68e5577b1,True,1,2297,
/scratch/ws/nashilovskiy-kv-cache/models/Qwen3-0.6B,Tesla V100-SXM2-32GB,"(7, 0)",2.14.0+cu126,12.6,5.17.0,3.11.16,cn-005,4353387,7476ba1db0eafda4b06ff2e848bc66494e8b9ad6,8192,static_eager,warmup,0,64,2.827452238998376,22.63521877302231,2.207198143005371,2.791015625,2a09e4e68e5577b1,True,1,2297,
/scratch/ws/nashilovskiy-kv-cache/models/Qwen3-0.6B,Tesla V100-SXM2-32GB,"(7, 0)",2.14.0+cu126,12.6,5.17.0,3.11.16,cn-005,4353387,7476ba1db0eafda4b06ff2e848bc66494e8b9ad6,8192,static_eager,measure,0,64,2.827022265060805,22.638661460497364,2.207198143005371,2.791015625,2a09e4e68e5577b1,True,1,2297,
/scratch/ws/nashilovskiy-kv-cache/models/Qwen3-0.6B,Tesla V100-SXM2-32GB,"(7, 0)",2.14.0+cu126,12.6,5.17.0,3.11.16,cn-005,4353387,7476ba1db0eafda4b06ff2e848bc66494e8b9ad6,8192,static_eager,measure,1,64,2.8264448350528255,22.643286437537654,2.207198143005371,2.791015625,2a09e4e68e5577b1,True,1,2297,
/scratch/ws/nashilovskiy-kv-cache/models/Qwen3-0.6B,Tesla V100-SXM2-32GB,"(7, 0)",2.14.0+cu126,12.6,5.17.0,3.11.16,cn-005,4353387,7476ba1db0eafda4b06ff2e848bc66494e8b9ad6,8192,static_eager,measure,2,64,2.8243633669335395,22.65997383668303,2.207198143005371,2.791015625,2a09e4e68e5577b1,True,1,2297,
/scratch/ws/nashilovskiy-kv-cache/models/Qwen3-0.6B,Tesla V100-SXM2-32GB,"(7, 0)",2.14.0+cu126,12.6,5.17.0,3.11.16,cn-005,4353387,7476ba1db0eafda4b06ff2e848bc66494e8b9ad6,8192,static_eager,measure,3,64,2.8315289149759337,22.602629858909268,2.207198143005371,2.791015625,2a09e4e68e5577b1,True,1,2297,
/scratch/ws/nashilovskiy-kv-cache/models/Qwen3-0.6B,Tesla V100-SXM2-32GB,"(7, 0)",2.14.0+cu126,12.6,5.17.0,3.11.16,cn-005,4353387,7476ba1db0eafda4b06ff2e848bc66494e8b9ad6,8192,static_eager,measure,4,64,2.828958175959997,22.623169385769312,2.207198143005371,2.791015625,2a09e4e68e5577b1,True,1,2297,
/scratch/ws/nashilovskiy-kv-cache/models/Qwen3-0.6B,Tesla V100-SXM2-32GB,"(7, 0)",2.14.0+cu126,12.6,5.17.0,3.11.16,cn-005,4353387,7476ba1db0eafda4b06ff2e848bc66494e8b9ad6,8192,static_compiled,warmup,0,64,52.08594994794112,1.228738269417506,2.207198143005371,2.85546875,2a09e4e68e5577b1,True,2,4594,
/scratch/ws/nashilovskiy-kv-cache/models/Qwen3-0.6B,Tesla V100-SXM2-32GB,"(7, 0)",2.14.0+cu126,12.6,5.17.0,3.11.16,cn-005,4353387,7476ba1db0eafda4b06ff2e848bc66494e8b9ad6,8192,static_compiled,warmup,1,64,2.2080413500079885,28.984964434551216,2.207198143005371,2.8984375,2a09e4e68e5577b1,True,2,4594,
/scratch/ws/nashilovskiy-kv-cache/models/Qwen3-0.6B,Tesla V100-SXM2-32GB,"(7, 0)",2.14.0+cu126,12.6,5.17.0,3.11.16,cn-005,4353387,7476ba1db0eafda4b06ff2e848bc66494e8b9ad6,8192,static_compiled,warmup,2,64,2.2076996439136565,28.989450705597456,2.207198143005371,2.8984375,2a09e4e68e5577b1,True,2,4594,
/scratch/ws/nashilovskiy-kv-cache/models/Qwen3-0.6B,Tesla V100-SXM2-32GB,"(7, 0)",2.14.0+cu126,12.6,5.17.0,3.11.16,cn-005,4353387,7476ba1db0eafda4b06ff2e848bc66494e8b9ad6,8192,static_compiled,measure,0,64,2.2162242400227115,28.877944227946962,2.207198143005371,2.8984375,2a09e4e68e5577b1,True,2,4594,
/scratch/ws/nashilovskiy-kv-cache/models/Qwen3-0.6B,Tesla V100-SXM2-32GB,"(7, 0)",2.14.0+cu126,12.6,5.17.0,3.11.16,cn-005,4353387,7476ba1db0eafda4b06ff2e848bc66494e8b9ad6,8192,static_compiled,measure,1,64,2.2158693979727104,28.882568647120326,2.207198143005371,2.8984375,2a09e4e68e5577b1,True,2,4594,
/scratch/ws/nashilovskiy-kv-cache/models/Qwen3-0.6B,Tesla V100-SXM2-32GB,"(7, 0)",2.14.0+cu126,12.6,5.17.0,3.11.16,cn-005,4353387,7476ba1db0eafda4b06ff2e848bc66494e8b9ad6,8192,static_compiled,measure,2,64,2.208153716986999,28.98348946799197,2.207198143005371,2.8984375,2a09e4e68e5577b1,True,2,4594,
/scratch/ws/nashilovskiy-kv-cache/models/Qwen3-0.6B,Tesla V100-SXM2-32GB,"(7, 0)",2.14.0+cu126,12.6,5.17.0,3.11.16,cn-005,4353387,7476ba1db0eafda4b06ff2e848bc66494e8b9ad6,8192,static_compiled,measure,3,64,2.2141816479852423,28.90458425497101,2.207198143005371,2.8984375,2a09e4e68e5577b1,True,2,4594,
/scratch/ws/nashilovskiy-kv-cache/models/Qwen3-0.6B,Tesla V100-SXM2-32GB,"(7, 0)",2.14.0+cu126,12.6,5.17.0,3.11.16,cn-005,4353387,7476ba1db0eafda4b06ff2e848bc66494e8b9ad6,8192,static_compiled,measure,4,64,2.2123471969971433,28.928551579457462,2.207198143005371,2.8984375,2a09e4e68e5577b1,True,2,4594,
/scratch/ws/nashilovskiy-kv-cache/models/Qwen3-0.6B,Tesla V100-SXM2-32GB,"(7, 0)",2.14.0+cu126,12.6,5.17.0,3.11.16,cn-005,4353387,7476ba1db0eafda4b06ff2e848bc66494e8b9ad6,12288,dynamic_eager,warmup,0,64,3.078730948967859,20.787785961438406,2.741593360900879,3.453125,2a09e4e68e5577b1,,2,4594,
/scratch/ws/nashilovskiy-kv-cache/models/Qwen3-0.6B,Tesla V100-SXM2-32GB,"(7, 0)",2.14.0+cu126,12.6,5.17.0,3.11.16,cn-005,4353387,7476ba1db0eafda4b06ff2e848bc66494e8b9ad6,12288,dynamic_eager,measure,0,64,3.0818614760646597,20.76666991591196,2.741593360900879,3.224609375,2a09e4e68e5577b1,True,2,4594,
/scratch/ws/nashilovskiy-kv-cache/models/Qwen3-0.6B,Tesla V100-SXM2-32GB,"(7, 0)",2.14.0+cu126,12.6,5.17.0,3.11.16,cn-005,4353387,7476ba1db0eafda4b06ff2e848bc66494e8b9ad6,12288,dynamic_eager,measure,1,64,3.07880667806603,20.787274646358103,2.741593360900879,3.224609375,2a09e4e68e5577b1,True,2,4594,
/scratch/ws/nashilovskiy-kv-cache/models/Qwen3-0.6B,Tesla V100-SXM2-32GB,"(7, 0)",2.14.0+cu126,12.6,5.17.0,3.11.16,cn-005,4353387,7476ba1db0eafda4b06ff2e848bc66494e8b9ad6,12288,dynamic_eager,measure,2,64,3.075745217036456,20.807965382017347,2.741593360900879,3.224609375,2a09e4e68e5577b1,True,2,4594,
/scratch/ws/nashilovskiy-kv-cache/models/Qwen3-0.6B,Tesla V100-SXM2-32GB,"(7, 0)",2.14.0+cu126,12.6,5.17.0,3.11.16,cn-005,4353387,7476ba1db0eafda4b06ff2e848bc66494e8b9ad6,12288,dynamic_eager,measure,3,64,3.0839789520250633,20.752411412527653,2.741593360900879,3.224609375,2a09e4e68e5577b1,True,2,4594,
/scratch/ws/nashilovskiy-kv-cache/models/Qwen3-0.6B,Tesla V100-SXM2-32GB,"(7, 0)",2.14.0+cu126,12.6,5.17.0,3.11.16,cn-005,4353387,7476ba1db0eafda4b06ff2e848bc66494e8b9ad6,12288,dynamic_eager,measure,4,64,3.079296045936644,20.78397109120205,2.741593360900879,3.224609375,2a09e4e68e5577b1,True,2,4594,
/scratch/ws/nashilovskiy-kv-cache/models/Qwen3-0.6B,Tesla V100-SXM2-32GB,"(7, 0)",2.14.0+cu126,12.6,5.17.0,3.11.16,cn-005,4353387,7476ba1db0eafda4b06ff2e848bc66494e8b9ad6,12288,static_eager,warmup,0,64,3.637596023036167,17.594037269312157,2.748335838317871,3.744140625,2a09e4e68e5577b1,True,2,4594,
/scratch/ws/nashilovskiy-kv-cache/models/Qwen3-0.6B,Tesla V100-SXM2-32GB,"(7, 0)",2.14.0+cu126,12.6,5.17.0,3.11.16,cn-005,4353387,7476ba1db0eafda4b06ff2e848bc66494e8b9ad6,12288,static_eager,measure,0,64,3.6414075610227883,17.575621219950413,2.748335838317871,3.744140625,2a09e4e68e5577b1,True,2,4594,
/scratch/ws/nashilovskiy-kv-cache/models/Qwen3-0.6B,Tesla V100-SXM2-32GB,"(7, 0)",2.14.0+cu126,12.6,5.17.0,3.11.16,cn-005,4353387,7476ba1db0eafda4b06ff2e848bc66494e8b9ad6,12288,static_eager,measure,1,64,3.655615426017903,17.507312050522728,2.748335838317871,3.744140625,2a09e4e68e5577b1,True,2,4594,
/scratch/ws/nashilovskiy-kv-cache/models/Qwen3-0.6B,Tesla V100-SXM2-32GB,"(7, 0)",2.14.0+cu126,12.6,5.17.0,3.11.16,cn-005,4353387,7476ba1db0eafda4b06ff2e848bc66494e8b9ad6,12288,static_eager,measure,2,64,3.6387891869526356,17.588268160595987,2.748335838317871,3.744140625,2a09e4e68e5577b1,True,2,4594,
/scratch/ws/nashilovskiy-kv-cache/models/Qwen3-0.6B,Tesla V100-SXM2-32GB,"(7, 0)",2.14.0+cu126,12.6,5.17.0,3.11.16,cn-005,4353387,7476ba1db0eafda4b06ff2e848bc66494e8b9ad6,12288,static_eager,measure,3,64,3.648777803988196,17.540119853296236,2.748335838317871,3.744140625,2a09e4e68e5577b1,True,2,4594,
/scratch/ws/nashilovskiy-kv-cache/models/Qwen3-0.6B,Tesla V100-SXM2-32GB,"(7, 0)",2.14.0+cu126,12.6,5.17.0,3.11.16,cn-005,4353387,7476ba1db0eafda4b06ff2e848bc66494e8b9ad6,12288,static_eager,measure,4,64,3.637954819947481,17.59230203989282,2.748335838317871,3.744140625,2a09e4e68e5577b1,True,2,4594,
/scratch/ws/nashilovskiy-kv-cache/models/Qwen3-0.6B,Tesla V100-SXM2-32GB,"(7, 0)",2.14.0+cu126,12.6,5.17.0,3.11.16,cn-005,4353387,7476ba1db0eafda4b06ff2e848bc66494e8b9ad6,12288,static_compiled,warmup,0,64,3.30904072499834,19.34095265631163,2.748335838317871,3.83984375,2a09e4e68e5577b1,True,2,4594,
/scratch/ws/nashilovskiy-kv-cache/models/Qwen3-0.6B,Tesla V100-SXM2-32GB,"(7, 0)",2.14.0+cu126,12.6,5.17.0,3.11.16,cn-005,4353387,7476ba1db0eafda4b06ff2e848bc66494e8b9ad6,12288,static_compiled,warmup,1,64,3.307448673993349,19.35026248577507,2.748335838317871,3.84375,2a09e4e68e5577b1,True,2,4594,
/scratch/ws/nashilovskiy-kv-cache/models/Qwen3-0.6B,Tesla V100-SXM2-32GB,"(7, 0)",2.14.0+cu126,12.6,5.17.0,3.11.16,cn-005,4353387,7476ba1db0eafda4b06ff2e848bc66494e8b9ad6,12288,static_compiled,warmup,2,64,3.3279411360854283,19.231109380522746,2.748335838317871,3.84375,2a09e4e68e5577b1,True,2,4594,
/scratch/ws/nashilovskiy-kv-cache/models/Qwen3-0.6B,Tesla V100-SXM2-32GB,"(7, 0)",2.14.0+cu126,12.6,5.17.0,3.11.16,cn-005,4353387,7476ba1db0eafda4b06ff2e848bc66494e8b9ad6,12288,static_compiled,measure,0,64,3.3049951129360124,19.364627726527925,2.748335838317871,3.84375,2a09e4e68e5577b1,True,2,4594,
/scratch/ws/nashilovskiy-kv-cache/models/Qwen3-0.6B,Tesla V100-SXM2-32GB,"(7, 0)",2.14.0+cu126,12.6,5.17.0,3.11.16,cn-005,4353387,7476ba1db0eafda4b06ff2e848bc66494e8b9ad6,12288,static_compiled,measure,1,64,3.3075234110001475,19.349825246028214,2.748335838317871,3.84375,2a09e4e68e5577b1,True,2,4594,
/scratch/ws/nashilovskiy-kv-cache/models/Qwen3-0.6B,Tesla V100-SXM2-32GB,"(7, 0)",2.14.0+cu126,12.6,5.17.0,3.11.16,cn-005,4353387,7476ba1db0eafda4b06ff2e848bc66494e8b9ad6,12288,static_compiled,measure,2,64,3.31126442598179,19.327964114803063,2.748335838317871,3.84375,2a09e4e68e5577b1,True,2,4594,
/scratch/ws/nashilovskiy-kv-cache/models/Qwen3-0.6B,Tesla V100-SXM2-32GB,"(7, 0)",2.14.0+cu126,12.6,5.17.0,3.11.16,cn-005,4353387,7476ba1db0eafda4b06ff2e848bc66494e8b9ad6,12288,static_compiled,measure,3,64,3.317589635029435,19.291114043835673,2.748335838317871,3.84375,2a09e4e68e5577b1,True,2,4594,
/scratch/ws/nashilovskiy-kv-cache/models/Qwen3-0.6B,Tesla V100-SXM2-32GB,"(7, 0)",2.14.0+cu126,12.6,5.17.0,3.11.16,cn-005,4353387,7476ba1db0eafda4b06ff2e848bc66494e8b9ad6,12288,static_compiled,measure,4,64,3.3077060689684004,19.348756711009745,2.748335838317871,3.84375,2a09e4e68e5577b1,True,2,4594,
/scratch/ws/nashilovskiy-kv-cache/models/Qwen3-0.6B,Tesla V100-SXM2-32GB,"(7, 0)",2.14.0+cu126,12.6,5.17.0,3.11.16,cn-005,4353387,7476ba1db0eafda4b06ff2e848bc66494e8b9ad6,16384,dynamic_eager,warmup,0,64,4.153093061991967,15.41020127521616,3.282731056213379,3.962890625,2a09e4e68e5577b1,,2,4594,
/scratch/ws/nashilovskiy-kv-cache/models/Qwen3-0.6B,Tesla V100-SXM2-32GB,"(7, 0)",2.14.0+cu126,12.6,5.17.0,3.11.16,cn-005,4353387,7476ba1db0eafda4b06ff2e848bc66494e8b9ad6,16384,dynamic_eager,measure,0,64,4.155349317006767,15.401833905531022,3.282731056213379,4.2890625,2a09e4e68e5577b1,True,2,4594,
/scratch/ws/nashilovskiy-kv-cache/models/Qwen3-0.6B,Tesla V100-SXM2-32GB,"(7, 0)",2.14.0+cu126,12.6,5.17.0,3.11.16,cn-005,4353387,7476ba1db0eafda4b06ff2e848bc66494e8b9ad6,16384,dynamic_eager,measure,1,64,4.162649831036106,15.374821951831114,3.282731056213379,4.2890625,2a09e4e68e5577b1,True,2,4594,
/scratch/ws/nashilovskiy-kv-cache/models/Qwen3-0.6B,Tesla V100-SXM2-32GB,"(7, 0)",2.14.0+cu126,12.6,5.17.0,3.11.16,cn-005,4353387,7476ba1db0eafda4b06ff2e848bc66494e8b9ad6,16384,dynamic_eager,measure,2,64,4.159004813991487,15.3882966869129,3.282731056213379,4.2890625,2a09e4e68e5577b1,True,2,4594,
/scratch/ws/nashilovskiy-kv-cache/models/Qwen3-0.6B,Tesla V100-SXM2-32GB,"(7, 0)",2.14.0+cu126,12.6,5.17.0,3.11.16,cn-005,4353387,7476ba1db0eafda4b06ff2e848bc66494e8b9ad6,16384,dynamic_eager,measure,3,64,4.160866467980668,15.381411658485685,3.282731056213379,4.2890625,2a09e4e68e5577b1,True,2,4594,
/scratch/ws/nashilovskiy-kv-cache/models/Qwen3-0.6B,Tesla V100-SXM2-32GB,"(7, 0)",2.14.0+cu126,12.6,5.17.0,3.11.16,cn-005,4353387,7476ba1db0eafda4b06ff2e848bc66494e8b9ad6,16384,dynamic_eager,measure,4,64,4.157762193004601,15.392895752354343,3.282731056213379,4.2890625,2a09e4e68e5577b1,True,2,4594,
/scratch/ws/nashilovskiy-kv-cache/models/Qwen3-0.6B,Tesla V100-SXM2-32GB,"(7, 0)",2.14.0+cu126,12.6,5.17.0,3.11.16,cn-005,4353387,7476ba1db0eafda4b06ff2e848bc66494e8b9ad6,16384,static_eager,warmup,0,64,4.939841240993701,12.955881956061756,3.289473533630371,4.693359375,2a09e4e68e5577b1,True,2,4594,
/scratch/ws/nashilovskiy-kv-cache/models/Qwen3-0.6B,Tesla V100-SXM2-32GB,"(7, 0)",2.14.0+cu126,12.6,5.17.0,3.11.16,cn-005,4353387,7476ba1db0eafda4b06ff2e848bc66494e8b9ad6,16384,static_eager,measure,0,64,4.932613478042185,12.974866221507058,3.289473533630371,4.693359375,2a09e4e68e5577b1,True,2,4594,
/scratch/ws/nashilovskiy-kv-cache/models/Qwen3-0.6B,Tesla V100-SXM2-32GB,"(7, 0)",2.14.0+cu126,12.6,5.17.0,3.11.16,cn-005,4353387,7476ba1db0eafda4b06ff2e848bc66494e8b9ad6,16384,static_eager,measure,1,64,4.931695569073781,12.977281160933419,3.289473533630371,4.693359375,2a09e4e68e5577b1,True,2,4594,
/scratch/ws/nashilovskiy-kv-cache/models/Qwen3-0.6B,Tesla V100-SXM2-32GB,"(7, 0)",2.14.0+cu126,12.6,5.17.0,3.11.16,cn-005,4353387,7476ba1db0eafda4b06ff2e848bc66494e8b9ad6,16384,static_eager,measure,2,64,4.934730483102612,12.969299988955282,3.289473533630371,4.693359375,2a09e4e68e5577b1,True,2,4594,
/scratch/ws/nashilovskiy-kv-cache/models/Qwen3-0.6B,Tesla V100-SXM2-32GB,"(7, 0)",2.14.0+cu126,12.6,5.17.0,3.11.16,cn-005,4353387,7476ba1db0eafda4b06ff2e848bc66494e8b9ad6,16384,static_eager,measure,3,64,4.9324126010760665,12.975394634673833,3.289473533630371,4.693359375,2a09e4e68e5577b1,True,2,4594,
/scratch/ws/nashilovskiy-kv-cache/models/Qwen3-0.6B,Tesla V100-SXM2-32GB,"(7, 0)",2.14.0+cu126,12.6,5.17.0,3.11.16,cn-005,4353387,7476ba1db0eafda4b06ff2e848bc66494e8b9ad6,16384,static_eager,measure,4,64,4.937745586037636,12.961380631066032,3.289473533630371,4.693359375,2a09e4e68e5577b1,True,2,4594,
/scratch/ws/nashilovskiy-kv-cache/models/Qwen3-0.6B,Tesla V100-SXM2-32GB,"(7, 0)",2.14.0+cu126,12.6,5.17.0,3.11.16,cn-005,4353387,7476ba1db0eafda4b06ff2e848bc66494e8b9ad6,16384,static_compiled,warmup,0,64,4.55128117708955,14.061974531955128,3.289473533630371,4.822265625,2a09e4e68e5577b1,True,2,4594,
/scratch/ws/nashilovskiy-kv-cache/models/Qwen3-0.6B,Tesla V100-SXM2-32GB,"(7, 0)",2.14.0+cu126,12.6,5.17.0,3.11.16,cn-005,4353387,7476ba1db0eafda4b06ff2e848bc66494e8b9ad6,16384,static_compiled,warmup,1,64,4.530906524974853,14.12520864141094,3.289473533630371,4.7890625,2a09e4e68e5577b1,True,2,4594,
/scratch/ws/nashilovskiy-kv-cache/models/Qwen3-0.6B,Tesla V100-SXM2-32GB,"(7, 0)",2.14.0+cu126,12.6,5.17.0,3.11.16,cn-005,4353387,7476ba1db0eafda4b06ff2e848bc66494e8b9ad6,16384,static_compiled,warmup,2,64,4.49731167498976,14.230723735673873,3.289473533630371,4.791015625,2a09e4e68e5577b1,True,2,4594,
/scratch/ws/nashilovskiy-kv-cache/models/Qwen3-0.6B,Tesla V100-SXM2-32GB,"(7, 0)",2.14.0+cu126,12.6,5.17.0,3.11.16,cn-005,4353387,7476ba1db0eafda4b06ff2e848bc66494e8b9ad6,16384,static_compiled,measure,0,64,4.497430407907814,14.230348042177386,3.289473533630371,4.822265625,2a09e4e68e5577b1,True,2,4594,
/scratch/ws/nashilovskiy-kv-cache/models/Qwen3-0.6B,Tesla V100-SXM2-32GB,"(7, 0)",2.14.0+cu126,12.6,5.17.0,3.11.16,cn-005,4353387,7476ba1db0eafda4b06ff2e848bc66494e8b9ad6,16384,static_compiled,measure,1,64,4.497136679012328,14.231277492338931,3.289473533630371,4.822265625,2a09e4e68e5577b1,True,2,4594,
/scratch/ws/nashilovskiy-kv-cache/models/Qwen3-0.6B,Tesla V100-SXM2-32GB,"(7, 0)",2.14.0+cu126,12.6,5.17.0,3.11.16,cn-005,4353387,7476ba1db0eafda4b06ff2e848bc66494e8b9ad6,16384,static_compiled,measure,2,64,4.493686083937064,14.242205353144634,3.289473533630371,4.822265625,2a09e4e68e5577b1,True,2,4594,
/scratch/ws/nashilovskiy-kv-cache/models/Qwen3-0.6B,Tesla V100-SXM2-32GB,"(7, 0)",2.14.0+cu126,12.6,5.17.0,3.11.16,cn-005,4353387,7476ba1db0eafda4b06ff2e848bc66494e8b9ad6,16384,static_compiled,measure,3,64,4.496244887006469,14.234100145423845,3.289473533630371,4.822265625,2a09e4e68e5577b1,True,2,4594,
/scratch/ws/nashilovskiy-kv-cache/models/Qwen3-0.6B,Tesla V100-SXM2-32GB,"(7, 0)",2.14.0+cu126,12.6,5.17.0,3.11.16,cn-005,4353387,7476ba1db0eafda4b06ff2e848bc66494e8b9ad6,16384,static_compiled,measure,4,64,4.4924010740360245,14.246279204652952,3.289473533630371,4.822265625,2a09e4e68e5577b1,True,2,4594,
/scratch/ws/nashilovskiy-kv-cache/models/Qwen3-0.6B,Tesla V100-SXM2-32GB,"(7, 0)",2.14.0+cu126,12.6,5.17.0,3.11.16,cn-005,4353387,7476ba1db0eafda4b06ff2e848bc66494e8b9ad6,32768,dynamic_eager,warmup,0,64,9.771438903058879,6.5497006771403194,5.447281837463379,7.337890625,2a09e4e68e5577b1,,2,4594,
/scratch/ws/nashilovskiy-kv-cache/models/Qwen3-0.6B,Tesla V100-SXM2-32GB,"(7, 0)",2.14.0+cu126,12.6,5.17.0,3.11.16,cn-005,4353387,7476ba1db0eafda4b06ff2e848bc66494e8b9ad6,32768,dynamic_eager,measure,0,64,9.78048283897806,6.543644220195494,5.447281837463379,7.337890625,2a09e4e68e5577b1,True,2,4594,
/scratch/ws/nashilovskiy-kv-cache/models/Qwen3-0.6B,Tesla V100-SXM2-32GB,"(7, 0)",2.14.0+cu126,12.6,5.17.0,3.11.16,cn-005,4353387,7476ba1db0eafda4b06ff2e848bc66494e8b9ad6,32768,dynamic_eager,measure,1,64,9.79777911992278,6.532092550429368,5.447281837463379,7.337890625,2a09e4e68e5577b1,True,2,4594,
/scratch/ws/nashilovskiy-kv-cache/models/Qwen3-0.6B,Tesla V100-SXM2-32GB,"(7, 0)",2.14.0+cu126,12.6,5.17.0,3.11.16,cn-005,4353387,7476ba1db0eafda4b06ff2e848bc66494e8b9ad6,32768,dynamic_eager,measure,2,64,9.792572428938001,6.535565650847145,5.447281837463379,7.337890625,2a09e4e68e5577b1,True,2,4594,
/scratch/ws/nashilovskiy-kv-cache/models/Qwen3-0.6B,Tesla V100-SXM2-32GB,"(7, 0)",2.14.0+cu126,12.6,5.17.0,3.11.16,cn-005,4353387,7476ba1db0eafda4b06ff2e848bc66494e8b9ad6,32768,dynamic_eager,measure,3,64,9.800710109993815,6.530139069692408,5.447281837463379,7.337890625,2a09e4e68e5577b1,True,2,4594,
/scratch/ws/nashilovskiy-kv-cache/models/Qwen3-0.6B,Tesla V100-SXM2-32GB,"(7, 0)",2.14.0+cu126,12.6,5.17.0,3.11.16,cn-005,4353387,7476ba1db0eafda4b06ff2e848bc66494e8b9ad6,32768,dynamic_eager,measure,4,64,9.801231501041912,6.529791689258287,5.447281837463379,7.337890625,2a09e4e68e5577b1,True,2,4594,
/scratch/ws/nashilovskiy-kv-cache/models/Qwen3-0.6B,Tesla V100-SXM2-32GB,"(7, 0)",2.14.0+cu126,12.6,5.17.0,3.11.16,cn-005,4353387,7476ba1db0eafda4b06ff2e848bc66494e8b9ad6,32768,static_eager,warmup,0,64,11.227199385990389,5.7004420959924325,5.454024314880371,8.177734375,2a09e4e68e5577b1,True,2,4594,
/scratch/ws/nashilovskiy-kv-cache/models/Qwen3-0.6B,Tesla V100-SXM2-32GB,"(7, 0)",2.14.0+cu126,12.6,5.17.0,3.11.16,cn-005,4353387,7476ba1db0eafda4b06ff2e848bc66494e8b9ad6,32768,static_eager,measure,0,64,11.232792001916096,5.6976039429095495,5.454024314880371,8.177734375,2a09e4e68e5577b1,True,2,4594,
/scratch/ws/nashilovskiy-kv-cache/models/Qwen3-0.6B,Tesla V100-SXM2-32GB,"(7, 0)",2.14.0+cu126,12.6,5.17.0,3.11.16,cn-005,4353387,7476ba1db0eafda4b06ff2e848bc66494e8b9ad6,32768,static_eager,measure,1,64,11.2272720040055,5.700405225522908,5.454024314880371,8.177734375,2a09e4e68e5577b1,True,2,4594,
/scratch/ws/nashilovskiy-kv-cache/models/Qwen3-0.6B,Tesla V100-SXM2-32GB,"(7, 0)",2.14.0+cu126,12.6,5.17.0,3.11.16,cn-005,4353387,7476ba1db0eafda4b06ff2e848bc66494e8b9ad6,32768,static_eager,measure,2,64,11.244182139984332,5.691832380802147,5.454024314880371,8.177734375,2a09e4e68e5577b1,True,2,4594,
/scratch/ws/nashilovskiy-kv-cache/models/Qwen3-0.6B,Tesla V100-SXM2-32GB,"(7, 0)",2.14.0+cu126,12.6,5.17.0,3.11.16,cn-005,4353387,7476ba1db0eafda4b06ff2e848bc66494e8b9ad6,32768,static_eager,measure,3,64,11.243523754994385,5.692165676402928,5.454024314880371,8.177734375,2a09e4e68e5577b1,True,2,4594,
/scratch/ws/nashilovskiy-kv-cache/models/Qwen3-0.6B,Tesla V100-SXM2-32GB,"(7, 0)",2.14.0+cu126,12.6,5.17.0,3.11.16,cn-005,4353387,7476ba1db0eafda4b06ff2e848bc66494e8b9ad6,32768,static_eager,measure,4,64,11.238805971923284,5.694555111982928,5.454024314880371,8.177734375,2a09e4e68e5577b1,True,2,4594,
/scratch/ws/nashilovskiy-kv-cache/models/Qwen3-0.6B,Tesla V100-SXM2-32GB,"(7, 0)",2.14.0+cu126,12.6,5.17.0,3.11.16,cn-005,4353387,7476ba1db0eafda4b06ff2e848bc66494e8b9ad6,32768,static_compiled,warmup,0,64,10.657882339903153,6.004945256374594,5.454024314880371,8.431640625,2a09e4e68e5577b1,True,2,4594,
/scratch/ws/nashilovskiy-kv-cache/models/Qwen3-0.6B,Tesla V100-SXM2-32GB,"(7, 0)",2.14.0+cu126,12.6,5.17.0,3.11.16,cn-005,4353387,7476ba1db0eafda4b06ff2e848bc66494e8b9ad6,32768,static_compiled,warmup,1,64,10.654256775043905,6.006988694876491,5.454024314880371,8.412109375,2a09e4e68e5577b1,True,2,4594,
/scratch/ws/nashilovskiy-kv-cache/models/Qwen3-0.6B,Tesla V100-SXM2-32GB,"(7, 0)",2.14.0+cu126,12.6,5.17.0,3.11.16,cn-005,4353387,7476ba1db0eafda4b06ff2e848bc66494e8b9ad6,32768,static_compiled,warmup,2,64,10.606642234022729,6.033954816983304,5.454024314880371,8.412109375,2a09e4e68e5577b1,True,2,4594,
/scratch/ws/nashilovskiy-kv-cache/models/Qwen3-0.6B,Tesla V100-SXM2-32GB,"(7, 0)",2.14.0+cu126,12.6,5.17.0,3.11.16,cn-005,4353387,7476ba1db0eafda4b06ff2e848bc66494e8b9ad6,32768,static_compiled,measure,0,64,10.627555130049586,6.0220812046449845,5.454024314880371,8.431640625,2a09e4e68e5577b1,True,2,4594,
/scratch/ws/nashilovskiy-kv-cache/models/Qwen3-0.6B,Tesla V100-SXM2-32GB,"(7, 0)",2.14.0+cu126,12.6,5.17.0,3.11.16,cn-005,4353387,7476ba1db0eafda4b06ff2e848bc66494e8b9ad6,32768,static_compiled,measure,1,64,10.618427725043148,6.027257674792898,5.454024314880371,8.431640625,2a09e4e68e5577b1,True,2,4594,
/scratch/ws/nashilovskiy-kv-cache/models/Qwen3-0.6B,Tesla V100-SXM2-32GB,"(7, 0)",2.14.0+cu126,12.6,5.17.0,3.11.16,cn-005,4353387,7476ba1db0eafda4b06ff2e848bc66494e8b9ad6,32768,static_compiled,measure,2,64,10.622339354944415,6.025038163576435,5.454024314880371,8.431640625,2a09e4e68e5577b1,True,2,4594,
/scratch/ws/nashilovskiy-kv-cache/models/Qwen3-0.6B,Tesla V100-SXM2-32GB,"(7, 0)",2.14.0+cu126,12.6,5.17.0,3.11.16,cn-005,4353387,7476ba1db0eafda4b06ff2e848bc66494e8b9ad6,32768,static_compiled,measure,3,64,10.62609535397496,6.022908497245808,5.454024314880371,8.431640625,2a09e4e68e5577b1,True,2,4594,
/scratch/ws/nashilovskiy-kv-cache/models/Qwen3-0.6B,Tesla V100-SXM2-32GB,"(7, 0)",2.14.0+cu126,12.6,5.17.0,3.11.16,cn-005,4353387,7476ba1db0eafda4b06ff2e848bc66494e8b9ad6,32768,static_compiled,measure,4,64,10.621477643027902,6.025526970064337,5.454024314880371,8.431640625,2a09e4e68e5577b1,True,2,4594,
/scratch/ws/nashilovskiy-kv-cache/models/Qwen3-0.6B,Tesla V100-SXM2-32GB,"(7, 0)",2.14.0+cu126,12.6,5.17.0,3.11.16,cn-005,4353387,7476ba1db0eafda4b06ff2e848bc66494e8b9ad6,40895,dynamic_eager,warmup,0,64,13.59141064400319,4.708856326715293,6.528811454772949,7.99609375,0d95aece4b10e4ae,,2,4594,
/scratch/ws/nashilovskiy-kv-cache/models/Qwen3-0.6B,Tesla V100-SXM2-32GB,"(7, 0)",2.14.0+cu126,12.6,5.17.0,3.11.16,cn-005,4353387,7476ba1db0eafda4b06ff2e848bc66494e8b9ad6,40895,dynamic_eager,measure,0,64,13.430954197072424,4.7651119243597915,6.528811454772949,7.99609375,0d95aece4b10e4ae,True,2,4594,
/scratch/ws/nashilovskiy-kv-cache/models/Qwen3-0.6B,Tesla V100-SXM2-32GB,"(7, 0)",2.14.0+cu126,12.6,5.17.0,3.11.16,cn-005,4353387,7476ba1db0eafda4b06ff2e848bc66494e8b9ad6,40895,dynamic_eager,measure,1,64,13.44403199700173,4.7604766199807615,6.528811454772949,7.99609375,0d95aece4b10e4ae,True,2,4594,
/scratch/ws/nashilovskiy-kv-cache/models/Qwen3-0.6B,Tesla V100-SXM2-32GB,"(7, 0)",2.14.0+cu126,12.6,5.17.0,3.11.16,cn-005,4353387,7476ba1db0eafda4b06ff2e848bc66494e8b9ad6,40895,dynamic_eager,measure,2,64,13.446217513061129,4.759702863488034,6.528811454772949,7.99609375,0d95aece4b10e4ae,True,2,4594,
/scratch/ws/nashilovskiy-kv-cache/models/Qwen3-0.6B,Tesla V100-SXM2-32GB,"(7, 0)",2.14.0+cu126,12.6,5.17.0,3.11.16,cn-005,4353387,7476ba1db0eafda4b06ff2e848bc66494e8b9ad6,40895,dynamic_eager,measure,3,64,13.442720801918767,4.7609409540712075,6.528811454772949,7.99609375,0d95aece4b10e4ae,True,2,4594,
/scratch/ws/nashilovskiy-kv-cache/models/Qwen3-0.6B,Tesla V100-SXM2-32GB,"(7, 0)",2.14.0+cu126,12.6,5.17.0,3.11.16,cn-005,4353387,7476ba1db0eafda4b06ff2e848bc66494e8b9ad6,40895,dynamic_eager,measure,4,64,13.449857822968625,4.758414612435959,6.528811454772949,7.99609375,0d95aece4b10e4ae,True,2,4594,
/scratch/ws/nashilovskiy-kv-cache/models/Qwen3-0.6B,Tesla V100-SXM2-32GB,"(7, 0)",2.14.0+cu126,12.6,5.17.0,3.11.16,cn-005,4353387,7476ba1db0eafda4b06ff2e848bc66494e8b9ad6,40895,static_eager,warmup,0,64,15.220197728951462,4.204938801699066,6.529913902282715,8.15234375,0d95aece4b10e4ae,True,2,4594,
/scratch/ws/nashilovskiy-kv-cache/models/Qwen3-0.6B,Tesla V100-SXM2-32GB,"(7, 0)",2.14.0+cu126,12.6,5.17.0,3.11.16,cn-005,4353387,7476ba1db0eafda4b06ff2e848bc66494e8b9ad6,40895,static_eager,measure,0,64,15.20702471199911,4.208581311076634,6.529913902282715,8.15234375,0d95aece4b10e4ae,True,2,4594,
/scratch/ws/nashilovskiy-kv-cache/models/Qwen3-0.6B,Tesla V100-SXM2-32GB,"(7, 0)",2.14.0+cu126,12.6,5.17.0,3.11.16,cn-005,4353387,7476ba1db0eafda4b06ff2e848bc66494e8b9ad6,40895,static_eager,measure,1,64,15.23015331698116,4.202190133479611,6.529913902282715,8.15234375,0d95aece4b10e4ae,True,2,4594,
/scratch/ws/nashilovskiy-kv-cache/models/Qwen3-0.6B,Tesla V100-SXM2-32GB,"(7, 0)",2.14.0+cu126,12.6,5.17.0,3.11.16,cn-005,4353387,7476ba1db0eafda4b06ff2e848bc66494e8b9ad6,40895,static_eager,measure,2,64,15.2293696179986,4.202406376975877,6.529913902282715,8.15234375,0d95aece4b10e4ae,True,2,4594,
/scratch/ws/nashilovskiy-kv-cache/models/Qwen3-0.6B,Tesla V100-SXM2-32GB,"(7, 0)",2.14.0+cu126,12.6,5.17.0,3.11.16,cn-005,4353387,7476ba1db0eafda4b06ff2e848bc66494e8b9ad6,40895,static_eager,measure,3,64,15.237758758012205,4.200092744370822,6.529913902282715,8.15234375,0d95aece4b10e4ae,True,2,4594,
/scratch/ws/nashilovskiy-kv-cache/models/Qwen3-0.6B,Tesla V100-SXM2-32GB,"(7, 0)",2.14.0+cu126,12.6,5.17.0,3.11.16,cn-005,4353387,7476ba1db0eafda4b06ff2e848bc66494e8b9ad6,40895,static_eager,measure,4,64,15.238562233978882,4.19987128820415,6.529913902282715,8.15234375,0d95aece4b10e4ae,True,2,4594,
/scratch/ws/nashilovskiy-kv-cache/models/Qwen3-0.6B,Tesla V100-SXM2-32GB,"(7, 0)",2.14.0+cu126,12.6,5.17.0,3.11.16,cn-005,4353387,7476ba1db0eafda4b06ff2e848bc66494e8b9ad6,40895,static_compiled,warmup,0,64,14.534370537963696,4.403355469219142,6.529913902282715,8.462890625,0d95aece4b10e4ae,True,2,4594,
/scratch/ws/nashilovskiy-kv-cache/models/Qwen3-0.6B,Tesla V100-SXM2-32GB,"(7, 0)",2.14.0+cu126,12.6,5.17.0,3.11.16,cn-005,4353387,7476ba1db0eafda4b06ff2e848bc66494e8b9ad6,40895,static_compiled,warmup,1,64,14.51755151594989,4.408456889557829,6.529913902282715,8.443359375,0d95aece4b10e4ae,True,2,4594,
/scratch/ws/nashilovskiy-kv-cache/models/Qwen3-0.6B,Tesla V100-SXM2-32GB,"(7, 0)",2.14.0+cu126,12.6,5.17.0,3.11.16,cn-005,4353387,7476ba1db0eafda4b06ff2e848bc66494e8b9ad6,40895,static_compiled,warmup,2,64,14.524234076030552,4.4064285706892905,6.529913902282715,8.443359375,0d95aece4b10e4ae,True,2,4594,
/scratch/ws/nashilovskiy-kv-cache/models/Qwen3-0.6B,Tesla V100-SXM2-32GB,"(7, 0)",2.14.0+cu126,12.6,5.17.0,3.11.16,cn-005,4353387,7476ba1db0eafda4b06ff2e848bc66494e8b9ad6,40895,static_compiled,measure,0,64,14.527123767067678,4.405552057392466,6.529913902282715,8.443359375,0d95aece4b10e4ae,True,2,4594,
/scratch/ws/nashilovskiy-kv-cache/models/Qwen3-0.6B,Tesla V100-SXM2-32GB,"(7, 0)",2.14.0+cu126,12.6,5.17.0,3.11.16,cn-005,4353387,7476ba1db0eafda4b06ff2e848bc66494e8b9ad6,40895,static_compiled,measure,1,64,14.519332283991389,4.407916200841041,6.529913902282715,8.443359375,0d95aece4b10e4ae,True,2,4594,
/scratch/ws/nashilovskiy-kv-cache/models/Qwen3-0.6B,Tesla V100-SXM2-32GB,"(7, 0)",2.14.0+cu126,12.6,5.17.0,3.11.16,cn-005,4353387,7476ba1db0eafda4b06ff2e848bc66494e8b9ad6,40895,static_compiled,measure,2,64,14.527520456002094,4.405431759248233,6.529913902282715,8.443359375,0d95aece4b10e4ae,True,2,4594,
/scratch/ws/nashilovskiy-kv-cache/models/Qwen3-0.6B,Tesla V100-SXM2-32GB,"(7, 0)",2.14.0+cu126,12.6,5.17.0,3.11.16,cn-005,4353387,7476ba1db0eafda4b06ff2e848bc66494e8b9ad6,40895,static_compiled,measure,3,64,14.520114284940064,4.407678806383732,6.529913902282715,8.443359375,0d95aece4b10e4ae,True,2,4594,
/scratch/ws/nashilovskiy-kv-cache/models/Qwen3-0.6B,Tesla V100-SXM2-32GB,"(7, 0)",2.14.0+cu126,12.6,5.17.0,3.11.16,cn-005,4353387,7476ba1db0eafda4b06ff2e848bc66494e8b9ad6,40895,static_compiled,measure,4,64,14.518781846971251,4.408083314052341,6.529913902282715,8.443359375,0d95aece4b10e4ae,True,2,4594,
