cache,group_size,n,retrieval_accuracy_pct,tf_decode_top1_pct,tf_decode_nll
int2,16,45,0.0,14.722222222222221,7.646735356152375
int2,32,45,0.0,2.5,8.186249798991614
int2,64,45,0.0,4.444444444444445,7.072759685883971
int2,128,45,0.0,3.3333333333333335,7.487807049027954
int4,16,45,100.0,100.0,4.319204442223186e-06
int4,32,45,82.22222222222221,96.94444444444444,0.13337013981357718
int4,64,45,31.11111111111111,86.38888888888889,0.5548021728198849
int4,128,45,8.88888888888889,68.61111111111111,1.1390792463039288
int8,64,45,100.0,100.0,3.3444160364166147e-06
