cache,group_size,n,peak_gpu_gib,kv_gpu_gib,prefill_sec,decode_tok_s,e2e_sec
dynamic,0,3,9.64031457901001,4.3680572509765625,8.169294992345385,9.89123070258872,14.538807586689169
int2,16,3,6.359394550323486,1.0920143127441406,13.970490140646385,6.245361586444612,24.0580568346583
int2,32,3,6.086855411529541,0.8190107345581055,13.892616087337956,6.244509797134974,23.981579444681604
int2,64,3,5.950093746185303,0.6825089454650879,13.761597567005083,6.2614037968659835,23.82334789633751
int2,128,3,5.881349086761475,0.6142580509185791,13.286892099305987,6.268908153445746,23.33658288194177
int4,16,3,6.9068803787231445,1.638021469116211,13.425055993332839,6.335451443137899,23.369196038033504
int4,32,3,6.633596420288086,1.3650178909301758,13.799436245036,6.342531334705163,23.732502165638532
int4,64,3,6.497329711914063,1.2285161018371582,13.675583348958753,6.343786668161312,23.606701056278933
int4,128,3,6.427565097808838,1.1602652072906494,13.266437877357626,6.35358468087803,23.182204123741638
int8,64,3,7.59132719039917,2.320530414581299,10.716108806004437,6.764375300968787,20.02968954667449
