cache,group_size,retrieval_accuracy_pct,kv_gpu_gib,kv_compression_x,peak_gpu_gib,total_peak_saving_pct,decode_tok_s,decode_slowdown_pct
dynamic,0,100.0,4.3680572509765625,1.0,9.64031457901001,0.0,9.89123070258872,0.0
int2,16,0.0,1.0920143127441406,4.0,6.359394550323486,34.033329532939895,6.245361586444612,36.85961055574122
int2,32,0.0,0.8190107345581055,5.333333333333333,6.086855411529541,36.8604067674043,6.244509797134974,36.868222116175396
int2,64,0.0,0.6825089454650879,6.4,5.950093746185303,38.27904994780435,6.2614037968659835,36.69742436371182
int2,128,0.0,0.6142580509185791,7.111111111111111,5.881349086761475,38.99214555127675,6.268908153445746,36.62155557846754
int4,16,100.0,1.638021469116211,2.6666666666666665,6.9068803787231445,28.354201285489268,6.335451443137899,35.948805223198434
int4,32,82.22222222222221,1.3650178909301758,3.2,6.633596420288086,31.189004612655413,6.342531334705163,35.877227764536876
int4,64,31.11111111111111,1.2285161018371582,3.5555555555555554,6.497329711914063,32.602513552194765,6.343786668161312,35.8645363867509
int4,128,8.88888888888889,1.1602652072906494,3.764705882352941,6.427565097808838,33.32618925316333,6.35358468087803,35.76547881736114
int8,64,100.0,2.320530414581299,1.8823529411764706,7.59132719039917,21.254362311704313,6.764375300968787,31.612399868517638
