model_size,context_len,cache,n,model_memory_gib,prefill_sec,decode_tok_s,e2e_sec,peak_gpu_gib,kv_gpu_gib,prefill_sec_std,decode_tok_s_std,e2e_sec_std,peak_gpu_gib_std
0.6B,2048,dynamic,5,1.110243797302246,0.0731219835579395,31.798380782545944,2.054560438566841,1.3887624740600586,0.21875,0.0001403433994841018,0.16682334670156287,0.010516098158639893,0.0
0.6B,2048,int2,5,1.110243797302246,0.5089533856138587,23.769828788949336,3.159435683605261,1.2277522087097168,0.0341796875,0.009055973464095228,0.01024296138721697,0.010130389732602775,0.0
0.6B,2048,int4,5,1.110243797302246,0.48827956258319316,25.668099381839927,2.942752453801222,1.2546076774597168,0.0615234375,0.005877348975876593,0.016955455069634952,0.005097976597508464,0.0
0.6B,8192,dynamic,5,1.110243797302246,0.4139357652049512,31.838894049226212,2.3928303075488655,2.200514793395996,0.875,0.00032918762630217195,0.06378029190177908,0.004206052294602312,0.0
0.6B,8192,int2,5,1.110243797302246,1.8126534234033898,23.738307239581435,4.466666361433454,1.5564723014831543,0.13671875,0.011829851717622705,0.017608287570804654,0.010436777168416515,0.0
0.6B,8192,int4,5,1.110243797302246,1.753349259402603,25.572377662665737,4.217020496772602,1.6638941764831543,0.24609375,0.008359220139916815,0.02333976677596867,0.007626616739160825,0.0
0.6B,12288,dynamic,5,1.110243797302246,0.7850948899518698,28.026370290798205,3.0331403073389085,2.741683006286621,1.3125,0.0008725418253601718,0.1302598606501972,0.010000092276030326,0.0
0.6B,12288,int2,5,1.110243797302246,2.7184615070233122,18.585183014211964,6.108350889827125,1.7765955924987793,0.205078125,0.011210981373418655,0.0215174653301769,0.013557086101395435,0.0
0.6B,12288,int4,5,1.110243797302246,2.6975619374075905,18.597837779401885,6.085142750199884,1.9367518424987797,0.369140625,0.009479785065393332,0.01565645099366745,0.010326408778071583,0.0
0.6B,16384,dynamic,5,1.110243797302246,1.2816213157959282,22.445011275131453,4.088680157181807,3.282851219177246,1.75,0.0022141184370572825,0.061526546800080094,0.007029659979396364,0.0
0.6B,16384,int2,5,1.110243797302246,3.833555890806019,14.461207094839915,8.19014102560468,1.9947657585144043,0.2734375,0.013115322517164824,0.010524420220881995,0.014744702914252714,0.0
0.6B,16384,int4,5,1.110243797302246,3.760999086801894,14.657618092891795,8.059211545740254,2.2096095085144043,0.4921875,0.010126299363468682,0.020290505703170314,0.011694235404945059,0.0
0.6B,24576,dynamic,5,1.110243797302246,2.6693328028079124,15.934550351866642,6.623172063240782,4.365187644958496,2.625,0.002554601115954916,0.01033530538332617,0.0037197940575087202,0.0
0.6B,24576,int2,5,1.110243797302246,6.321212892187759,10.08654248868775,12.56726526201237,2.4345240592956543,0.41015625,0.012022550598714566,0.0042723029687921485,0.011500489788371308,0.0
0.6B,24576,int4,5,1.110243797302246,6.193481668015011,10.288605021307081,12.31686783703044,2.7567896842956543,0.73828125,0.011886130308401879,0.004386163274170738,0.010149288335386294,0.0
0.6B,32768,dynamic,5,1.110243797302246,4.592827468551695,12.382557520172764,9.680851995735429,5.447524070739746,3.5,0.008850985707511637,0.005298653638240548,0.008187360087117398,0.0
0.6B,32768,int2,5,1.110243797302246,9.379389146412723,7.789416786470928,17.46741624819115,2.8713526725769043,0.546875,0.007807496176136011,0.01376807965579739,0.021596016766423698,0.0
0.6B,32768,int4,5,1.110243797302246,9.156337652774528,7.929249360447686,17.101719021750615,3.3010401725769043,0.984375,0.008842624319249814,0.0096799410895617,0.005541457921204395,0.0
0.6B,40895,dynamic,5,1.110243797302246,7.106133489194326,10.140736405698158,13.318928009225056,6.529114246368408,4.3680572509765625,0.008677625908573142,0.0052193910192195716,0.007467400212515741,0.0
0.6B,40895,int2,5,1.110243797302246,12.97393726480659,6.365167195588569,22.871674473397434,3.311370849609375,0.6825089454650879,0.007918776048438948,0.002237658938144292,0.00949239855324496,0.0
0.6B,40895,int4,5,1.110243797302246,12.86631926179398,6.467949010733467,22.606786024011672,3.8487091064453134,1.2285161018371582,0.02120902031288411,0.01041309701419434,0.013609996559817386,0.0
1.7B,8192,dynamic,3,3.2053232192993164,0.6417326073084647,31.411694884034358,2.647626811716085,4.498719215393066,0.875,0.0027788259246311585,0.03145066541853071,0.001137352761609342,0.0
1.7B,8192,int2,3,3.2053232192993164,1.9620633223870148,23.35259091238699,4.659920076296355,3.760437965393065,0.13671875,0.002523139232182077,0.019413822659606773,0.001469202510151423,0.0
1.7B,8192,int4,3,3.2053232192993164,2.004641662002541,23.867653472859597,4.64430378136846,3.869812965393065,0.24609375,0.018085840008136893,0.02456375590805306,0.018876828872957052,0.0
1.7B,16384,dynamic,3,3.2053232192993164,1.7514742843341082,20.98782557004783,4.753485787970324,5.784180641174316,1.75,0.00228359602511025,0.02642212833577406,0.005752664292027907,0.0
1.7B,16384,int2,3,3.2053232192993164,4.15668816297936,13.846781220218253,8.706588594941422,4.307618141174316,0.2734375,0.015797741916585603,0.017278079896177946,0.01300844718773025,0.0
1.7B,16384,int4,3,3.2053232192993164,4.230822926309581,14.027785821661537,8.722028562333435,4.526368141174316,0.4921875,0.01935417053815103,0.02930631980258473,0.01839079603406577,0.0
1.7B,32768,dynamic,3,3.2053232192993164,5.624934470281005,11.926636511994431,10.90738991558707,8.355103492736816,3.5,0.0031264496259940855,0.0028241689476554326,0.0029514006812058364,0.0
1.7B,32768,int2,3,3.2053232192993164,10.50689219404012,7.600470724091359,18.795956144303393,5.401978492736816,0.546875,0.11590859675635526,0.005950717007880971,0.11033885212799151,0.0
1.7B,32768,int4,3,3.2053232192993164,10.661558270997679,7.732848432296396,18.808729732758366,5.839478492736816,0.984375,0.1122548288325347,0.0032371523064204715,0.11408044594655553,0.0
1.7B,40895,dynamic,3,3.2053232192993164,8.931397864051783,9.810858392560911,15.353016739323115,9.64031457901001,4.3680572509765625,0.2861249892671773,0.009715485406691272,0.28025900451984187,0.0
1.7B,40895,int2,3,3.2053232192993164,14.977980042342097,6.238194772486158,25.077174914612744,5.950093746185303,0.6825089454650879,0.2553438627127838,0.007004369170111216,0.26649803399344696,0.0
1.7B,40895,int4,3,3.2053232192993164,15.01462157901066,6.325398130913931,24.974596613047954,6.497329711914063,1.2285161018371582,0.3122946356816465,0.0042889328338837655,0.3150973611005694,0.0
4B,8192,dynamic,3,7.545305252075195,1.5139220746932551,23.51373962689934,4.193346885692638,9.284013748168944,1.125,0.0031732476680875355,0.047251816736903825,0.002292867094677765,0.0
4B,8192,int2,3,7.545305252075195,3.310229138315966,17.192154112634572,6.974756032965767,8.334794998168945,0.17578125,0.010812466326793283,0.0015415262489362471,0.010963847239273346,0.0
4B,8192,int4,3,7.545305252075195,3.145695554674603,17.012692464561585,6.848878558026627,8.475419998168945,0.31640625,0.01357400646644617,0.009441739527864318,0.015574425016257417,0.0
4B,16384,dynamic,3,7.545305252075195,4.280558280685606,15.3041883767662,8.397234729297148,11.014787673950195,2.25,0.008847035407035166,0.017891471839994583,0.0068038444572062805,0.0
4B,16384,int2,3,7.545305252075195,7.605114381372307,10.298215699922832,13.722752030977668,9.116350173950195,0.3515625,0.017072509691449744,0.008978331483813001,0.02204324051205202,0.0
4B,16384,int4,3,7.545305252075195,7.139471740694717,10.418298375115626,13.186596766735116,9.397600173950195,0.6328125,0.014707596946975708,0.007890722904748484,0.018661324563584266,0.0
4B,32768,dynamic,3,7.545305252075195,14.108869654980177,9.035689799606088,21.08146558632143,14.476335525512695,4.5,0.00213154303166426,0.010127993179038603,0.009636692308162774,0.0
4B,32768,int2,3,7.545305252075195,20.30018448298021,5.80569351454574,31.151689312925253,10.679460525512695,0.703125,0.03578187933337421,0.004371662523875676,0.027813856916137067,0.0
4B,32768,int4,3,7.545305252075195,19.462413115038846,5.91457017118343,30.11421708203852,11.241960525512695,1.265625,0.016985369620319078,0.004775499639520458,0.01306029030737937,0.0
4B,40895,dynamic,3,7.545305252075195,21.465899997313198,7.502341051980611,29.863509492754627,16.194337368011475,5.6160736083984375,0.03756775820726856,0.0025517460639380867,0.035095483811326024,0.0
4B,40895,int2,3,7.545305252075195,28.97571291270045,4.79319274914531,42.11948098863164,11.457691669464111,0.8775115013122559,0.040256380311147956,0.0030905557758327267,0.03563859012837479,0.0
4B,40895,int4,3,7.545305252075195,28.1420583963627,4.860984176649593,41.10248631828775,12.158446788787842,1.5795207023620603,0.025953483459539038,0.0006883917347111526,0.02522177326939566,0.0
8B,8192,dynamic,3,15.258404731750488,2.2619068223284553,19.09594880674372,5.561215650678302,17.20805072784424,1.125,0.003628715357944554,0.02523701827718752,0.007874474117291252,0.0
8B,8192,int2,3,15.258404731750488,4.087461238300118,14.770081804066058,8.352922382609298,16.25883197784424,0.17578125,0.011110202004725072,0.015373448323322624,0.010073833634472364,0.0
8B,8192,int4,3,15.258404731750488,3.9749254179963223,14.607074727745344,8.287981609309403,16.39945697784424,0.31640625,0.012181546602430182,0.018830647574415046,0.010945832391794636,0.0
8B,16384,dynamic,3,15.258404731750488,5.779188253645164,13.318342077171467,10.509687072015367,19.14976215362549,2.25,0.0005680202342913191,0.01801966901920578,0.006073507297766856,0.0
8B,16384,int2,3,15.258404731750488,9.079753335992185,9.37797116382439,15.797783854301088,17.25132465362549,0.3515625,0.010938575184545624,0.0069889468230617865,0.010605337584570718,0.0
8B,16384,int4,3,15.258404731750488,8.858346303963723,9.477675411105986,15.505653408899283,17.53257465362549,0.6328125,0.018243725515743832,0.004195587038429608,0.015429855517188463,0.0
8B,32768,dynamic,3,15.258404731750488,17.249517701993074,8.319667418902297,24.822258787966955,23.03318500518799,4.5,0.001952645064998464,0.003151388316648517,0.0026306049799960465,0.0
8B,32768,int2,3,15.258404731750488,23.80280723469332,5.504200388665365,35.24876281700563,19.23631000518799,0.703125,0.0170219722765094,0.0015122921509726258,0.019928450415239933,0.0
8B,32768,int4,3,15.258404731750488,22.92393595104416,5.591303708067989,34.19155357797475,19.79881000518799,1.265625,0.012540013106272212,0.0027471662428799107,0.00830430962529078,0.0
8B,40895,dynamic,3,15.258404731750488,25.38007741297285,7.011923166940452,34.365043217665516,24.959986209869385,5.6160736083984375,0.011228721025894246,0.006264419909317974,0.015138026677912851,0.0
8B,40895,int2,3,15.258404731750488,32.86651197363002,4.587016073842407,46.601060333894566,20.231041431427,0.8775115013122559,0.061606195060473726,0.002045550676065112,0.06409583829710447,0.0
8B,40895,int4,3,15.258404731750488,32.19457928498741,4.64769383739708,45.74984530759199,20.933571815490723,1.5795207023620603,0.035781482165227356,0.004366655020229338,0.02492190056198515,0.0
