model_size,cache,n,successes,retrieval_accuracy_pct,retrieval_ci_low_pct,retrieval_ci_high_pct,tf_decode_top1_pct,tf_decode_nll
0.6B,dynamic,45,45,100.0,92.13484012671117,100.0,100.0,0.018426786951643653
0.6B,int2,45,0,0.0,0.0,7.865159873288836,2.7777777777777777,7.54393898004459
0.6B,int4,45,3,6.666666666666667,2.293203259925099,17.856601963591896,71.94444444444444,0.8237964719613956
1.7B,dynamic,45,45,100.0,92.13484012671117,100.0,100.0,3.2897794814030274e-06
1.7B,int2,45,0,0.0,0.0,7.865159873288836,4.444444444444445,7.072759685883971
1.7B,int4,45,14,31.11111111111111,19.528699263653408,45.66480557736682,86.38888888888889,0.5548021728198849
4B,dynamic,45,45,100.0,92.13484012671117,100.0,100.0,7.356683461915942e-05
4B,int2,45,0,0.0,0.0,7.865159873288836,28.88888888888889,3.3264820558823986
4B,int4,45,44,97.77777777777777,88.43331823158513,99.60664011171667,99.72222222222223,0.01887085517643971
8B,dynamic,45,43,95.55555555555556,85.17248923056438,98.77258732932802,100.0,0.00019951578698574381
8B,int2,45,1,2.2222222222222223,0.3933598882833428,11.56668176841488,58.05555555555556,1.6083523844664025
8B,int4,45,44,97.77777777777777,88.43331823158513,99.60664011171667,100.0,0.00021891296972402526
14B,dynamic,45,45,100.0,92.13484012671117,100.0,100.0,0.00043168163918805454
14B,int2,45,12,26.666666666666668,15.964903521066521,41.038837753134935,78.61111111111111,0.8560366888767328
14B,int4,45,45,100.0,92.13484012671117,100.0,100.0,0.00029572513577258327
