cache,context_len,n,peak_gpu_gib,peak_gpu_gib_std,kv_gpu_gib,prefill_sec,prefill_sec_std,decode_tok_s,decode_tok_s_std,e2e_sec,e2e_sec_std
dynamic,8192,3,4.498719215393066,0.0,0.875,0.6331739980184162,0.00295842582012618,32.192048272356885,0.023449889413731825,2.5903146896356097,0.0024105902392481727
int2,8192,3,3.760437965393065,0.0,0.13671875,1.9293700359606494,0.012766759833954672,23.716994196684386,0.010231575809234728,4.585765974557337,0.012343127167260506
int4,8192,3,3.869812965393065,0.0,0.24609375,1.9439581900369376,0.0016505438234692118,23.94400403953021,0.031896760011637854,4.575185060345878,0.002037921797793865
dynamic,16384,3,5.784180641174316,0.0,1.75,1.711199652325983,0.0043725559112677255,21.21276446955817,0.004258615334054792,4.681208262646881,0.00391993279450887
int2,16384,3,4.307618141174316,0.0,0.2734375,4.118866261327639,0.0201166918345236,13.953734045160116,0.012023100531563073,8.63387043067875,0.017064297219841738
int4,16384,3,4.526368141174316,0.0,0.4921875,4.140948676348974,0.012796460365619612,14.080227754049853,0.00535546788021736,8.61540897101319,0.012001305153788415
dynamic,32768,3,8.355103492736816,0.0,3.5,5.465583375655115,0.0030031370401149876,12.012216506632297,0.004067749213412828,10.710495901332857,0.0016951842365130288
int2,32768,3,5.401978492736816,0.0,0.546875,9.916603888307387,0.01323399503053767,7.6372584891407245,0.009663184600474536,18.16574022527008,0.019719426378918565
int4,32768,3,5.839478492736816,0.0,0.984375,10.064241729637919,0.008254176264426342,7.752802348701528,0.0022396478566583597,18.190496447030455,0.01060374871025732
dynamic,40895,3,9.64031457901001,0.0,4.3680572509765625,8.169294992345385,0.01345984623126486,9.89123070258872,0.003522663018997574,14.538807586689169,0.01496762278531096
int2,40895,3,5.950093746185303,0.0,0.6825089454650879,13.761597567005083,0.006290072319345375,6.261403796865984,0.0005209068991492629,23.82334789633751,0.005925159270866689
int4,40895,3,6.497329711914063,0.0,1.2285161018371582,13.675583348958753,0.010663100019830217,6.343786668161312,0.006039459751450999,23.606701056278933,0.015507560133583325
