context_len,cache,n,model_memory_gib,prefill_sec_mean,prefill_sec_std,decode_tok_s_mean,decode_tok_s_std,tpot_ms_mean,e2e_sec_mean,peak_gpu_gib_mean,cache_prompt_gpu_gib_mean,theoretical_fp16_prompt_gib,hashes
8192,dynamic,3,7.545305252075195,1.5139220746932551,0.0031732476680875355,23.51373962689934,0.047251816736903825,42.528441264515834,4.193346885692638,9.284013748168944,1.125,1.125,1
8192,int2,3,7.545305252075195,3.310229138315966,0.010812466326793283,17.192154112634572,0.0015415262489362471,58.16606801032784,6.974756032965767,8.334794998168945,0.17578125,1.125,1
8192,int4,3,7.545305252075195,3.145695554674603,0.01357400646644617,17.012692464561585,0.009441739527864318,58.77965568779184,6.848878558026627,8.475419998168945,0.31640625,1.125,1
16384,dynamic,3,7.545305252075195,4.280558280685606,0.008847035407035166,15.3041883767662,0.017891471839994583,65.34164939100346,8.397234729297148,11.014787673950195,2.25,2.25,1
16384,int2,3,7.545305252075195,7.605114381372307,0.017072509691449744,10.298215699922832,0.008978331483813001,97.10424952332187,13.722752030977668,9.116350173950195,0.3515625,2.25,1
16384,int4,3,7.545305252075195,7.139471740694717,0.014707596946975708,10.418298375115626,0.007890722904748484,95.9850012277938,13.186596766735116,9.397600173950195,0.6328125,2.25,1
32768,dynamic,3,7.545305252075195,14.108869654980177,0.00213154303166426,9.035689799606088,0.010127993179038603,110.67232933380792,21.08146558632143,14.476335525512695,4.5,4.5,1
32768,int2,3,7.545305252075195,20.30018448298021,0.03578187933337421,5.80569351454574,0.004371662523875676,172.24477585121772,31.151689312925253,10.679460525512695,0.703125,4.5,1
32768,int4,3,7.545305252075195,19.462413115038846,0.016985369620319078,5.91457017118343,0.004775499639520458,169.07406722259506,30.11421708203852,11.241960525512695,1.265625,4.5,1
40895,dynamic,3,7.545305252075195,21.465899997313198,0.03756775820726856,7.502341051980611,0.0025517460639380867,133.29173790022398,29.863509492754627,16.194337368011475,5.6160736083984375,5.6160736083984375,1
40895,int2,3,7.545305252075195,28.97571291270045,0.040256380311147956,4.79319274914531,0.0030905557758327267,208.62926433796665,42.11948098863164,11.457691669464111,0.8775115013122559,5.6160736083984375,1
40895,int4,3,7.545305252075195,28.1420583963627,0.025953483459539038,4.860984176649593,0.0006883917347111526,205.71966026416885,41.10248631828775,12.158446788787842,1.5795207023620603,5.6160736083984375,1
