context_len,mode,repeats,elapsed_sec_mean,elapsed_sec_std,e2e_tok_s_mean,e2e_tok_s_std,peak_allocated_gib_mean,output_hash_nunique,all_correct
2048,dynamic_eager,5,2.1491106770001354,0.011301608584098342,29.780417536978014,0.15631645626850785,1.388749122619629,1,True
2048,static_compiled,5,0.8288063352229074,0.0020083638834806463,77.2198501729512,0.18735954424534507,1.395491600036621,1,True
2048,static_eager,5,2.4715165907982737,0.0010300667242641667,25.895035111116375,0.010795936874672599,1.395491600036621,1,True
8192,dynamic_eager,5,2.4862438199808823,0.003737520479593867,25.741689160478536,0.038659047989393874,2.200455665588379,1,True
8192,static_compiled,5,2.2133552399929615,0.003290406280025363,28.915427635497547,0.04303181615846256,2.207198143005371,1,True
8192,static_eager,5,2.82766351159662,0.002711310731636887,22.633544195879324,0.021696523326503465,2.207198143005371,1,True
12288,dynamic_eager,5,3.0799376738257704,0.0031345045950422917,20.779658489603424,0.02114823154607312,2.741593360900879,1,True
12288,static_compiled,5,3.309815730783157,0.004885592707064132,19.336457568440924,0.028511819904109253,2.748335838317871,1,True
12288,static_eager,5,3.6445089595858007,0.007531066451034972,17.560724664851637,0.03624619895521412,2.748335838317871,1,True
16384,dynamic_eager,5,4.159126524603925,0.0028100090118824443,15.387851991023012,0.010397007029008318,3.282731056213379,1,True
16384,static_compiled,5,4.49537982637994,0.002223818486924044,14.23684204754755,0.007044135660838862,3.289473533630371,1,True
16384,static_eager,5,4.933839543466457,0.0024590124648763523,12.971644527427125,0.006462559159264663,3.289473533630371,1,True
32768,dynamic_eager,5,9.794555199774914,0.00858504947741721,6.534246636084541,0.00573177819194805,5.447281837463379,1,True
32768,static_compiled,5,10.623179041408003,0.0036684420327666124,6.024562502064892,0.0020804432975264735,5.454024314880371,1,True
32768,static_eager,5,11.237315174564719,0.007232712621847091,5.695312467524092,0.003666535450697727,5.454024314880371,1,True
40895,dynamic_eager,5,13.442756466404536,0.007129690046857964,4.7609293948671505,0.0025262225540295916,6.528811454772949,1,True
40895,static_compiled,5,14.522574527794495,0.004361970638597856,4.406932427583563,0.0013235235279942597,6.529913902282715,1,True
40895,static_eager,5,15.228573727793991,0.012763460158408247,4.202628370821419,0.0035252566209002527,6.529913902282715,1,True
